customer_id,before_call_entropy,before_perc_of_calls_to_dar,before_calls_to_dar_ward_rank,before_calls_to_dar_subward_rank,after_call_entropy,before_money_sent_normed,after_mean_balance,after_cashin_normed,region_education,region_immunization_measles,region_antenatal_visits,region_parliament_female_male_ratio,region_population_millions,region_manyara,region_mara,region_pwani,region_ruvuma,region_shinyanga
1186,4.0066,45.65,16.0,14.0,4.225,84.45378151260505,219899.53846153847,1509.9125683060108,18.3,83.4,39.72,0.6,0.86,0,0,0,0,0
485,2.0336,37.66,237.5,197.0,2.2073,61.34969325153374,25330.507936507936,1080.4065040650407,11.8,93.3,38.82,0.33,0.94,0,0,0,0,0
470,2.8731,12.09,250.12,163.0,3.6041,559.8901098901099,1372.7142857142858,0.0326797385620915,17.3,85.0,49.14,0.49,1.3,0,0,0,0,0
954,3.63,59.71,280.83,276.0,3.8807,10730.951086956522,3875.904761904762,48.83050847457627,20.4,92.2,63.64,0.8,1.1,0,0,1,0,0
92,4.0496,37.39,251.67,155.0,4.2554,420.5445544554456,76834.34285714285,1285.125,20.4,92.2,63.64,0.8,1.1,0,0,1,0,0
90,3.9678,8.27,195.25,199.0,3.7132,2686.5234375,97466.6989247312,27648.545454545456,19.6,86.7,39.82,0.38,2.77,0,0,0,0,0
862,3.6941,28.02,356.29,358.0,3.3806,938.62660944206,8907.041666666666,918.8396946564884,11.8,93.3,38.82,0.33,0.94,0,0,0,0,0
51,4.1299,67.57,52.67,44.0,4.048,100.0,3868.428571428572,0.2337662337662337,19.6,86.7,39.82,0.38,2.77,0,0,0,0,0
921,2.917,17.39,51.6,32.0,2.8857,4229.370558375635,14847.04255319149,1225.83850931677,19.6,86.7,39.82,0.38,2.77,0,0,0,0,0
347,4.0334,25.2,107.6,146.0,3.624,10711.45251396648,15675.887931034482,743.1125,20.4,92.2,63.64,0.8,1.1,0,0,1,0,0
489,3.2907,59.26,51.6,65.0,3.6044,6772.772277227723,53766.71698113208,39245.608,26.3,51.0,32.28,0.22,2.29,0,0,0,0,0
528,3.2023,41.41,356.29,358.0,3.4823,9.068627450980392,5885.769230769231,407.07964601769913,18.1,83.3,22.44,0.25,2.71,0,0,0,0,0
523,2.5789,7.14,260.25,237.0,2.8495,4955470.306930693,0.0,0.0,16.8,91.4,52.21,0.38,1.69,0,0,0,0,0
638,3.3444,44.68,169.25,119.0,3.2082,9950.0,291907.19,6483.933333333333,16.8,91.4,52.21,0.38,1.69,0,0,0,0,0
873,3.0395,1.28,250.12,163.0,2.5889,4923.461538461538,2981.6857142857143,51.294117647058826,18.6,92.4,50.9,0.67,2.22,0,0,0,0,0
319,3.8814,28.97,202.67,211.0,3.7837,3618.340611353712,9316.78125,361.5648854961832,15.1,84.8,40.63,0.3,2.05,0,0,0,0,0
1103,2.7524,20.21,352.5,428.0,4.1478,795.4545454545455,10113.666666666666,57.826530612244895,11.8,93.3,38.82,0.33,0.94,0,0,0,0,0
871,4.1924,23.15,195.25,154.0,4.0901,429.7053140096618,2813.0,0.2427184466019417,17.8,84.8,41.46,0.5,2.08,0,0,0,0,0
719,2.8201,35.29,193.2,180.0,2.7797,1563.1868131868132,66958.0,2.111888111888112,11.8,93.3,38.82,0.33,0.94,0,0,0,0,0
345,3.3326,69.35,20.5,69.0,2.3879,5510.124087591241,5093.1,111.55862068965516,15.1,84.8,40.63,0.3,2.05,0,0,0,0,0
990,3.1397,68.52,49.75,19.0,3.3904,24888.28125,25326.85185185185,4542.571428571428,16.8,91.4,52.21,0.38,1.69,0,0,0,0,0
781,2.8359,54.47,176.0,173.0,2.5156,475.0,2831.1428571428573,0.0181818181818181,18.6,92.4,50.9,0.67,2.22,0,0,0,0,0
260,4.1221,20.48,277.0,248.0,3.7537,6374.438202247191,37058.72463768116,1182.5956284153006,15.1,84.8,40.63,0.3,2.05,0,0,0,0,0
243,4.1229,49.13,255.57,207.0,4.3313,3402.5,9708.850746268658,277.075,15.1,84.8,40.63,0.3,2.05,0,0,0,0,0
1139,2.4088,7.25,213.33,60.0,2.4798,265.0,7394.066666666667,106.75539568345324,19.6,86.7,39.82,0.38,2.77,0,0,0,0,0
1203,4.5138,13.29,250.12,308.0,4.3217,5270.450643776824,110945.99082568807,7680.127118644068,19.6,81.0,63.16,1.0,1.43,1,0,0,0,0
1184,3.1139,6.62,77.6,64.0,3.0716,1973.867647058824,138699.68085106384,608.1005917159763,15.1,84.8,40.63,0.3,2.05,0,0,0,0,0
846,,,,,,0.0,61.0,0.0,15.1,84.8,40.63,0.3,2.05,0,0,0,0,0
46,3.5604,29.33,239.4,169.0,3.096,253.9351851851852,6949.529411764706,96.25409836065572,16.8,91.4,52.21,0.38,1.69,0,0,0,0,0
1136,3.5297,11.72,49.75,97.0,4.1599,979.5336787564768,7085.25,5.549707602339181,19.6,86.7,39.82,0.38,2.77,0,0,0,0,0
15,3.8858,10.87,49.75,97.0,4.086,2380.735294117647,5015.8943089430895,1051.1326530612246,15.1,84.8,40.63,0.3,2.05,0,0,0,0,0
748,3.5047,14.27,170.25,161.0,3.9039,1532.2966507177034,18764.805555555555,768.0939597315436,15.1,84.8,40.63,0.3,2.05,0,0,0,0,0
165,,,,,,0.0,1365.2222222222222,0.0,19.6,86.7,39.82,0.38,2.77,0,0,0,0,0
563,3.8356,10.91,239.4,169.0,4.4297,11524.10071942446,13097.1,533.813829787234,15.1,84.8,40.63,0.3,2.05,0,0,0,0,0
183,3.2804,80.91,52.67,44.0,2.3321,1458.609022556391,0.0,5.644230769230769,16.8,91.4,52.21,0.38,1.69,0,0,0,0,0
448,3.3741,56.5,356.29,145.0,4.0215,1.1764705882352942,3080.9523809523807,280.4672897196262,18.6,92.4,50.9,0.67,2.22,0,0,0,0,0
687,3.5261,21.25,255.57,289.0,2.8179,6682.227488151659,27718.196428571428,7521.2056737588655,19.6,81.0,63.16,1.0,1.43,1,0,0,0,0
89,,,,,,0.0,192.63636363636363,0.0,15.2,82.3,38.58,0.5,2.13,0,0,0,0,0
784,3.9624,64.17,229.0,260.0,3.7225,1090.374331550802,9155.0,1016.6374269005848,19.6,86.7,39.82,0.38,2.77,0,0,0,0,0
1069,2.7022,10.34,239.0,275.0,1.4241,286.6666666666667,3278.0625,798.7592592592592,15.1,84.8,40.63,0.3,2.05,0,0,0,0,0
1140,3.6898,39.24,141.5,130.0,4.352,4841.872222222222,58711.01369863014,6237.743016759777,18.6,92.4,50.9,0.67,2.22,0,0,0,0,0
130,3.3095,27.88,329.5,313.0,3.9476,1354.2372881355932,783.1428571428571,31.477011494252874,18.1,83.3,22.44,0.25,2.71,0,0,0,0,0
984,4.4276,38.87,195.67,166.0,4.0367,565.70796460177,19381.72413793104,398.0178571428572,19.2,77.0,21.21,0.0,1.0,0,0,0,0,0
1211,,,,,,0.0,270.0,0.0,17.8,84.8,41.46,0.5,2.08,0,0,0,0,0
353,3.695,52.63,96.25,84.0,3.4435,139.75903614457832,11355.741935483871,7.284313725490196,8.3,91.3,46.53,0.75,1.38,0,0,0,1,0
583,3.7889,19.64,57.4,50.0,3.3872,864.9122807017544,4843.681818181818,341.037037037037,15.1,84.8,40.63,0.3,2.05,0,0,0,0,0
425,2.461,54.07,137.0,72.0,1.9734,1504.9295774647887,9621.818181818182,1446.3744075829384,15.1,84.8,40.63,0.3,2.05,0,0,0,0,0
63,3.9066,45.1,170.25,150.0,4.2115,1990.3333333333333,2367.111111111112,24.83333333333333,15.2,82.3,38.58,0.5,2.13,0,0,0,0,0
154,2.934,12.12,229.0,234.0,4.2079,455.6818181818182,23626.877551020407,1705.619718309859,16.8,91.4,52.21,0.38,1.69,0,0,0,0,0
325,2.5588,4.81,381.0,413.0,1.9136,57.77777777777778,10626.76923076923,441.8345588235294,8.4,96.9,61.11,0.88,1.64,0,0,0,0,0
239,3.6926,13.36,329.5,346.0,4.2335,2706.375,10702.430769230768,6547.978102189781,17.8,84.8,41.46,0.5,2.08,0,0,0,0,0
819,3.1494,53.44,299.67,374.0,3.6583,350.4201680672269,0.0,0.2183098591549295,18.6,92.4,50.9,0.67,2.22,0,0,0,0,0
413,3.911,33.47,141.5,76.0,4.1013,4253.885714285714,5167.2972972972975,645.2247191011236,15.1,84.8,40.63,0.3,2.05,0,0,0,0,0
472,1.9427,79.41,141.5,80.0,2.3726,96.96132596685082,16956.03448275862,373.8317757009346,11.8,93.3,38.82,0.33,0.94,0,0,0,0,0
127,3.8484,11.17,178.0,179.0,2.0382,,16544.84375,470.43030303030304,17.8,84.8,41.46,0.5,2.08,0,0,0,0,0
6,3.0152,48.82,176.0,156.0,2.9516,3273.214285714286,236.5,0.9833333333333332,,,,0.75,0.7,0,0,0,0,0
1091,2.8714,41.78,63.75,69.0,3.1177,297.6442953020134,2273.230769230769,66.27011494252874,20.4,92.2,63.64,0.8,1.1,0,0,1,0,0
390,3.2719,77.89,249.42,268.0,4.157,,7318.294117647059,408.4789473684211,18.1,83.3,22.44,0.25,2.71,0,0,0,0,0
1137,3.081,39.2,356.29,388.0,2.9438,3063.471502590673,49564.11320754717,4396.73125,18.6,92.4,50.9,0.67,2.22,0,0,0,0,0
1054,3.7104,38.36,8.5,9.0,1.8587,5634.79381443299,9586.204081632652,1610.591463414634,18.6,92.4,50.9,0.67,2.22,0,0,0,0,0
613,2.757,91.27,237.5,302.0,2.8064,444.1015625,2290.0,37.64233576642336,8.6,85.6,40.74,0.5,1.74,0,1,0,0,0
558,4.5738,0.88,202.67,135.0,4.4894,2615760.8695652173,71579.62068965517,4113.252525252526,18.6,92.4,50.9,0.67,2.22,0,0,0,0,0
377,3.5363,9.57,153.25,118.0,3.784,1507.142857142857,3318.9473684210525,51.42051282051282,15.1,84.8,40.63,0.3,2.05,0,0,0,0,0
554,4.2198,79.37,341.5,340.0,4.2892,542.1904761904761,5362.4,0.1981132075471698,18.1,83.3,22.44,0.25,2.71,0,0,0,0,0
463,2.696,30.71,356.29,356.0,2.7552,2166.0130718954247,1055.5,35.213793103448275,15.7,94.0,45.52,1.2,1.27,0,0,0,0,0
835,3.3286,90.1,290.6,225.0,3.4192,39964.81481481482,2621.583333333333,1.276470588235294,8.4,96.9,61.11,0.88,1.64,0,0,0,0,0
1012,3.3115,27.21,392.0,397.0,3.7299,242369.820083682,66619.14285714286,3484.089285714286,8.3,91.3,46.53,0.75,1.38,0,0,0,1,0
657,3.775,11.95,334.67,218.0,4.3196,1872.3809523809523,43669.59154929577,3670.5238095238096,15.1,84.8,40.63,0.3,2.05,0,0,0,0,0
758,4.4273,56.06,8.5,9.0,2.5866,0.2923976608187134,11319.3,459.35833333333335,18.2,97.1,46.49,0.75,2.46,0,0,0,0,0
279,4.3207,22.49,229.0,260.0,3.2492,1640.8394495412845,8836.375,141.31690140845072,15.1,84.8,40.63,0.3,2.05,0,0,0,0,0
650,3.6464,31.01,53.67,46.0,3.6569,5278.760330578512,3502.333333333333,28.07692307692308,15.1,84.8,40.63,0.3,2.05,0,0,0,0,0
330,3.9291,66.67,49.75,68.0,4.1632,1614.0862944162436,32078.97520661157,9176.263803680982,16.8,91.4,52.21,0.38,1.69,0,0,0,0,0
702,4.033,29.39,281.0,332.0,3.4144,48947.6387434555,3885.952941176471,1314.5986394557824,18.6,92.4,50.9,0.67,2.22,0,0,0,0,0
723,3.0682,71.95,77.6,66.0,3.6921,277918.8888888889,2686.0,116.6923076923077,18.1,83.3,22.44,0.25,2.71,0,0,0,0,0
913,2.8676,72.55,141.5,80.0,3.9702,,3582.758620689656,135.2657004830918,16.8,91.4,52.21,0.38,1.69,0,0,0,0,0
648,3.6825,39.04,144.83,142.0,3.8366,2501.5625,6297.533333333334,315.27878787878785,8.4,96.9,61.11,0.88,1.64,0,0,0,0,0
188,3.7942,24.19,219.6,152.0,3.8003,25.26595744680851,16858.905263157896,1991.186567164179,11.8,93.3,38.82,0.33,0.94,0,0,0,0,0
187,3.6605,26.26,361.67,382.0,3.3921,6030.555555555556,17008.0,273.25,18.6,92.4,50.9,0.67,2.22,0,0,0,0,0
594,3.4985,13.34,170.25,212.0,4.0302,600.8333333333334,30937.5,685.7142857142857,15.1,84.8,40.63,0.3,2.05,0,0,0,0,0
352,3.8073,3.14,213.0,157.0,3.8672,1046.4444444444443,3118.4,0.7086614173228346,15.7,94.0,45.52,1.2,1.27,0,0,0,0,0
195,4.3348,16.58,251.67,250.0,3.2531,937.3853211009174,5574.677083333333,2273.333333333333,18.3,83.4,39.72,0.6,0.86,0,0,0,0,0
245,2.6156,37.5,359.17,377.0,2.2206,1911.842105263158,7708.615384615385,404.6106870229008,15.1,84.8,40.63,0.3,2.05,0,0,0,0,0
571,3.8201,6.85,195.67,177.0,4.1088,54.8,3077.7272727272725,68.07329842931937,15.1,84.8,40.63,0.3,2.05,0,0,0,0,0
98,3.2213,15.03,260.25,322.0,3.5386,84.65346534653466,3529.59375,234.77720207253887,8.4,96.9,61.11,0.88,1.64,0,0,0,0,0
770,2.9783,63.89,290.33,269.0,3.4605,672.9262295081967,308.0,1.1038251366120218,,,,,,0,0,0,0,0
762,,,,,,0.0,1923.0666666666664,0.0,18.6,92.4,50.9,0.67,2.22,0,0,0,0,0
829,4.738,41.44,392.0,375.0,2.9367,72034.07522123893,101751.7894736842,1044.9920634920634,8.3,91.3,46.53,0.75,1.38,0,0,0,1,0
303,4.5696,51.68,255.57,69.0,4.4008,315.55023923444975,21680.19230769231,3381.0699300699303,19.4,70.0,33.42,0.33,1.53,0,0,0,0,1
451,3.5876,32.81,178.0,291.0,4.233,180.9701492537313,37366.90909090909,282.5244755244755,18.1,83.3,22.44,0.25,2.71,0,0,0,0,0
1204,2.3067,100.0,137.0,175.0,3.1441,671.0144927536232,156133.6,2860.65811965812,26.3,51.0,32.28,0.22,2.29,0,0,0,0,0
111,4.255,6.32,195.67,214.0,4.4921,1743.092105263158,29976.615384615383,1508.68,17.8,84.8,41.46,0.5,2.08,0,0,0,0,0
1059,3.9345,55.82,356.29,305.0,4.0501,183.41013824884791,10613.444444444443,253.29496402877697,20.4,92.2,63.64,0.8,1.1,0,0,1,0,0
231,2.9701,37.96,70.0,35.0,3.8489,,25095.91787439613,1236.688679245283,18.6,92.4,50.9,0.67,2.22,0,0,0,0,0
300,2.6315,60.0,49.75,97.0,2.5411,1435.982142857143,1631.5,17.507462686567163,26.3,51.0,32.28,0.22,2.29,0,0,0,0,0
760,,,,,,0.0,2286.5454545454545,0.0,18.2,97.1,46.49,0.75,2.46,0,0,0,0,0
649,3.8579,34.02,170.25,212.0,4.1435,167.56216216216217,3447.7916666666665,291.5379746835443,18.6,92.4,50.9,0.67,2.22,0,0,0,0,0
796,,,,,,0.0,200.0952380952381,0.0,15.1,84.8,40.63,0.3,2.05,0,0,0,0,0
812,3.1758,24.06,137.0,113.0,3.2,35485.89743589744,2693.0,78.27777777777777,17.8,84.8,41.46,0.5,2.08,0,0,0,0,0
592,3.051,34.57,144.83,142.0,3.0246,3750.0,8524.058823529413,520.5891891891891,15.1,84.8,40.63,0.3,2.05,0,0,0,0,0
173,4.3665,82.45,229.0,260.0,4.1771,870.0819672131148,15818.863636363636,50.304545454545455,11.8,93.3,38.82,0.33,0.94,0,0,0,0,0
541,3.3822,56.68,72.14,105.0,3.676,,6048.194444444444,362.3853211009175,15.1,84.8,40.63,0.3,2.05,0,0,0,0,0
524,2.39,22.15,352.5,428.0,3.0952,,7355.4375,524.5524475524476,18.6,92.4,50.9,0.67,2.22,0,0,0,0,0
36,3.9949,68.55,229.0,260.0,3.9836,259.125,4985.619047619048,17.85786802030457,16.8,91.4,52.21,0.38,1.69,0,0,0,0,0
1004,2.5772,54.06,193.2,180.0,2.9893,7546.153846153846,39130.60784313725,9092.013636363636,15.1,84.8,40.63,0.3,2.05,0,0,0,0,0
161,3.8208,12.25,329.5,346.0,3.0617,2389.5893719806763,41068.769230769234,2944.883116883117,18.6,92.4,50.9,0.67,2.22,0,0,0,0,0
1009,3.0138,15.89,170.25,212.0,2.9285,457.7586206896552,6716.28125,358.7551020408163,20.4,92.2,63.64,0.8,1.1,0,0,1,0,0
270,2.6113,84.07,14.67,2.0,3.2527,391.869918699187,2613.6666666666665,20.62,26.3,51.0,32.28,0.22,2.29,0,0,0,0,0
1053,4.1879,14.17,170.25,150.0,4.1745,2488.2517482517483,22695.296296296296,878.6632124352332,18.6,92.4,50.9,0.67,2.22,0,0,0,0,0
934,4.2546,45.52,195.25,154.0,3.8732,5273.412037037037,62545.07547169811,3540.4921875,17.3,85.0,49.14,0.49,1.3,0,0,0,0,0
1147,3.2824,43.64,239.0,79.0,3.8395,7.236842105263157,450.5,7.462686567164179,18.6,92.4,50.9,0.67,2.22,0,0,0,0,0
226,3.6203,25.49,144.83,166.0,3.6014,4931.037037037037,21689.35,3484.0994152046783,15.7,94.0,45.52,1.2,1.27,0,0,0,0,0
692,4.7149,46.08,137.0,329.0,4.2505,68229.56216216217,33521.99222797927,6292.4375,18.6,92.4,50.9,0.67,2.22,0,0,0,0,0
837,4.1687,42.19,93.75,147.0,4.2287,8403.030303030304,27707.5,6687.565217391304,15.1,84.8,40.63,0.3,2.05,0,0,0,0,0
672,2.9336,27.84,239.0,275.0,3.927,444.44444444444446,8219.698412698413,681.0150753768844,15.1,84.8,40.63,0.3,2.05,0,0,0,0,0
957,3.0388,72.49,49.75,97.0,3.2477,4795.535714285715,9354.267605633802,968.2517482517484,15.7,94.0,45.52,1.2,1.27,0,0,0,0,0
1174,4.495,10.41,202.83,156.0,3.2618,490.06849315068496,4802.461538461538,282.0281690140845,18.6,92.4,50.9,0.67,2.22,0,0,0,0,0
57,3.8337,46.93,260.25,294.0,3.9145,8.49056603773585,410.0,10.0,17.8,84.8,41.46,0.5,2.08,0,0,0,0,0
357,2.1833,73.62,361.67,382.0,3.5652,727.6699029126214,67971.97619047618,164.428,19.6,86.7,39.82,0.38,2.77,0,0,0,0,0
955,3.2255,23.97,279.83,309.0,3.9985,2584.1052631578946,4539.047619047619,245.1509433962264,15.7,94.0,45.52,1.2,1.27,0,0,0,0,0
115,,,,,,0.0,4129.857142857143,0.0,20.4,92.2,63.64,0.8,1.1,0,0,1,0,0
652,1.4677,2.67,93.75,147.0,2.4455,3.571428571428572,1629.2666666666669,24.096153846153847,16.8,91.4,52.21,0.38,1.69,0,0,0,0,0
1201,2.5758,63.44,260.25,294.0,3.4788,669.8198198198198,4433.945945945946,1199.709090909091,18.2,97.1,46.49,0.75,2.46,0,0,0,0,0
1189,3.9016,60.36,255.57,241.0,4.1566,1644.6308724832215,9423.157894736842,30.0,15.1,84.8,40.63,0.3,2.05,0,0,0,0,0
1180,3.9333,32.89,137.0,72.0,3.8208,511.13744075829385,35335.218181818185,2277.2153846153847,,,,0.67,1.74,0,0,0,0,0
988,3.6964,53.67,281.0,273.0,3.0899,3700.6451612903215,25905.054347826088,4081.387559808613,16.8,91.4,52.21,0.38,1.69,0,0,0,0,0
385,3.0596,33.33,381.0,413.0,3.1928,961.1111111111112,2585.0,53.51063829787234,15.7,94.0,45.52,1.2,1.27,0,0,0,0,0
887,2.4799,18.25,169.25,121.0,3.1574,2823.128,9917.023255813954,706.0973451327434,15.7,94.0,45.52,1.2,1.27,0,0,0,0,0
708,3.3109,22.69,106.2,103.0,3.0011,2021.235632183908,12921.39393939394,1580.7659574468084,15.1,84.8,40.63,0.3,2.05,0,0,0,0,0
671,3.5389,16.13,213.33,149.0,3.0791,16069.505494505494,96961.94267515924,10606.756097560976,17.3,85.0,49.14,0.49,1.3,0,0,0,0,0
437,1.999,44.5,141.5,80.0,2.8752,994.1176470588236,601.3478260869565,0.2183098591549295,17.8,84.8,41.46,0.5,2.08,0,0,0,0,0
668,4.1142,20.0,202.83,234.0,3.677,18350.06632653061,27469.29142857143,2762.7261904761904,19.6,86.7,39.82,0.38,2.77,0,0,0,0,0
646,,,,,,0.0,322.09090909090907,0.0,8.4,96.9,61.11,0.88,1.64,0,0,0,0,0
267,2.9494,14.88,359.17,335.0,3.2048,156.09756097560975,2208.5714285714284,0.203883495145631,20.4,92.2,63.64,0.8,1.1,0,0,1,0,0
622,3.0641,27.27,281.0,160.0,3.662,331.3529411764706,8091.466666666666,196.52941176470588,20.4,92.2,63.64,0.8,1.1,0,0,1,0,0
393,2.8836,46.53,51.6,32.0,2.1964,5810.810810810811,509.6,4.373443983402489,15.1,84.8,40.63,0.3,2.05,0,0,0,0,0
1108,3.0112,81.61,102.33,77.0,3.8629,329.03225806451616,27219.166666666668,673.1390728476821,11.8,93.3,38.82,0.33,0.94,0,0,0,0,0
286,4.1575,35.84,250.12,163.0,3.3441,711.2794759825327,10033.115942028986,886.4126984126984,19.6,86.7,39.82,0.38,2.77,0,0,0,0,0
107,3.2134,24.22,381.0,332.0,3.6159,426.9736842105263,38037.225,19.827956989247312,8.4,96.9,61.11,0.88,1.64,0,0,0,0,0
564,4.108,57.88,392.0,397.0,4.0804,7391.188679245283,1379.7142857142858,159.98726114649682,8.3,91.3,46.53,0.75,1.38,0,0,0,1,0
508,3.5328,47.9,77.0,75.0,2.6673,1553.6057692307693,48181.78313253012,3124.6103896103896,8.4,96.9,61.11,0.88,1.64,0,0,0,0,0
78,2.5258,14.29,70.0,266.0,3.5948,924.621212121212,23636.63888888889,634.6311111111111,18.6,92.4,50.9,0.67,2.22,0,0,0,0,0
1206,2.8633,71.92,107.6,62.0,1.7378,822.1052631578947,0.0,0.0225988700564971,20.4,92.2,63.64,0.8,1.1,0,0,1,0,0
1022,3.057,16.8,290.33,269.0,2.8688,2313.84375,6621.096774193548,1129.6143790849674,15.1,84.8,40.63,0.3,2.05,0,0,0,0,0
71,4.7252,30.69,251.67,7.0,4.8587,,20146.85714285714,713.6404494382023,8.4,96.9,61.11,0.88,1.64,0,0,0,0,0
263,3.6578,46.38,392.0,398.0,3.9051,378.57142857142856,4423.130434782609,248.05729166666663,18.6,92.4,50.9,0.67,2.22,0,0,0,0,0
48,3.9847,7.25,22.0,23.0,4.7297,1520.0,20033.06477732793,7245.577669902913,17.3,85.0,49.14,0.49,1.3,0,0,0,0,0
559,4.0166,20.18,399.2,409.0,3.9795,28.98550724637681,4488.6,0.0196078431372549,18.6,92.4,50.9,0.67,2.22,0,0,0,0,0
422,3.9969,7.83,63.75,39.0,3.4398,1052.6104417670683,2798.0,1.824742268041237,18.6,92.4,50.9,0.67,2.22,0,0,0,0,0
114,3.2119,29.32,257.67,253.0,3.5665,421.63461538461536,2657.75,54.99453551912568,15.1,84.8,40.63,0.3,2.05,0,0,0,0,0
131,3.1313,56.05,422.22,424.0,3.2782,2635395.3991935486,12161.032258064515,1816.361111111111,20.4,92.2,63.64,0.8,1.1,0,0,1,0,0
802,3.1335,64.01,250.12,254.0,4.1885,651.4492753623189,17775.166666666668,1704.9591836734694,19.6,86.7,39.82,0.38,2.77,0,0,0,0,0
1146,,,,,,0.0,1312.655172413793,0.0,,,,,,0,0,0,0,0
206,4.1887,23.64,202.83,156.0,4.3674,1639.4904458598726,24458.0,2601.204081632653,16.8,91.4,52.21,0.38,1.69,0,0,0,0,0
807,3.421,50.0,381.0,332.0,3.1136,4338.072916666667,24719.091954022988,1242.1490683229813,18.6,92.4,50.9,0.67,2.22,0,0,0,0,0
329,2.5355,32.08,144.83,123.0,2.4893,0.7142857142857143,17061.904761904763,540.21,8.4,96.9,61.11,0.88,1.64,0,0,0,0,0
625,3.5511,33.93,361.67,371.0,3.7841,1088.7096774193549,494.7692307692308,11.353932584269662,18.6,92.4,50.9,0.67,2.22,0,0,0,0,0
367,3.5371,62.89,52.67,70.0,3.7422,31866.666666666668,14281.582278481012,5077.601694915255,16.8,91.4,52.21,0.38,1.69,0,0,0,0,0
164,3.5259,9.34,49.75,15.0,3.2586,2940.0,11446.91907514451,3742.3655913978496,17.8,84.8,41.46,0.5,2.08,0,0,0,0,0
734,3.4761,47.66,195.67,122.0,4.0297,4915276.27118644,33090.23188405797,1382.7680412371135,20.4,92.2,63.64,0.8,1.1,0,0,1,0,0
694,4.1468,42.2,237.5,302.0,3.0833,3621.2901234567903,4856.153846153846,266.0552486187845,18.1,83.3,22.44,0.25,2.71,0,0,0,0,0
1165,3.0019,39.74,418.25,436.0,1.576,2494.767441860465,29558.4,7.761467889908257,8.4,96.9,61.11,0.88,1.64,0,0,0,0,0
333,3.5005,32.0,176.0,120.0,3.1026,471.79487179487177,4978.521739130435,324.2537313432836,15.1,84.8,40.63,0.3,2.05,0,0,0,0,0
663,4.1259,35.11,77.6,53.0,3.4742,1436.4322033898304,460.5,0.2446043165467626,15.1,84.8,40.63,0.3,2.05,0,0,0,0,0
1141,4.1225,46.3,170.25,150.0,4.1027,369.0,36764.31764705882,688.3566878980891,11.8,93.3,38.82,0.33,0.94,0,0,0,0,0
608,4.5387,55.43,107.6,62.0,4.9301,961.1627906976744,16129.787878787878,486.9583333333333,17.3,85.0,49.14,0.49,1.3,0,0,0,0,0
623,,,,,,0.0,28548.666666666668,0.0,15.7,94.0,45.52,1.2,1.27,0,0,0,0,0
455,4.1237,20.42,250.12,34.0,4.1505,6434254.335260116,4940.272727272727,253.5064935064935,8.4,96.9,61.11,0.88,1.64,0,0,0,0,0
12,3.0439,59.66,356.29,267.0,3.7652,1239.141414141414,40880.206896551725,4432.690909090909,8.4,96.9,61.11,0.88,1.64,0,0,0,0,0
499,3.1298,15.33,89.75,49.0,3.1788,920498.2875816992,12700.2,293.5963302752294,8.4,96.9,61.11,0.88,1.64,0,0,0,0,0
617,2.2416,50.0,102.33,106.0,2.2578,1910.119047619048,2486.333333333333,0.273224043715847,15.1,84.8,40.63,0.3,2.05,0,0,0,0,0
952,4.1522,27.72,51.6,101.0,3.9352,3093.75,51407.31578947369,1655.5,18.6,92.4,50.9,0.67,2.22,0,0,0,0,0
1109,4.6309,9.6,106.2,76.0,4.5612,2012.66,7529.069767441861,304.0934579439252,15.1,84.8,40.63,0.3,2.05,0,0,0,0,0
38,3.1888,3.49,281.43,229.0,4.0118,859.349593495935,5881.733333333334,560.207468879668,18.6,92.4,50.9,0.67,2.22,0,0,0,0,0
447,4.1289,7.81,107.6,101.0,2.0449,17.582417582417584,2900.7,164.96946564885496,8.4,96.9,61.11,0.88,1.64,0,0,0,0,0
219,3.3468,30.98,176.0,209.0,3.7597,292.6829268292683,5346.572727272727,613.1355932203389,15.1,84.8,40.63,0.3,2.05,0,0,0,0,0
752,4.5984,16.75,299.67,304.0,4.4683,1245.9594594594594,25943.078260869566,3046.403225806452,15.7,94.0,45.52,1.2,1.27,0,0,0,0,0
153,2.6051,26.73,52.67,63.0,3.4193,1856.4245810055863,49030.14035087719,3647.2972972972975,20.4,92.2,63.64,0.8,1.1,0,0,1,0,0
1065,2.7068,20.21,250.12,308.0,3.4211,8148.378378378378,62827.40322580645,13336.527272727271,18.2,97.1,46.49,0.75,2.46,0,0,0,0,0
924,3.6503,34.96,193.2,180.0,3.5533,264002.0,10040.463414634149,383.3140495867768,11.8,93.3,38.82,0.33,0.94,0,0,0,0,0
575,2.536,13.98,255.57,39.0,2.865,3526.5822784810125,6709.0,476.3793103448276,18.3,83.4,39.72,0.6,0.86,0,0,0,0,0
193,,,,,,0.0,671.0,0.0,15.2,82.3,38.58,0.5,2.13,0,0,0,0,0
1150,2.9471,8.57,178.0,179.0,3.7372,6.493506493506493,11349.0,1414.1197916666667,18.6,92.4,50.9,0.67,2.22,0,0,0,0,0
616,2.968,2.52,203.0,203.0,3.3457,489.0046296296296,2019.2,0.1531531531531531,18.6,92.4,50.9,0.67,2.22,0,0,0,0,0
1158,2.9059,98.73,299.67,374.0,3.7946,1.5625,69978.48148148147,1567.2462686567164,19.6,86.7,39.82,0.38,2.77,0,0,0,0,0
453,4.4573,47.12,51.6,138.0,4.0317,110.83743842364532,3375.1428571428573,141.2565789473684,,,,0.67,1.74,0,0,0,0,0
276,3.3537,27.59,107.6,115.0,3.488,3632.352941176471,8692.25,4.5,17.8,84.8,41.46,0.5,2.08,0,0,0,0,0
315,2.6871,65.15,93.75,147.0,2.7729,2977.5,34183.4154589372,2440.353535353536,17.3,85.0,49.14,0.49,1.3,0,0,0,0,0
332,2.8909,19.05,281.43,247.0,3.479,80288.26086956522,31657.26923076923,362.995145631068,26.3,51.0,32.28,0.22,2.29,0,0,0,0,0
1199,3.7711,49.54,137.0,113.0,4.2145,31.51515151515152,4553.114285714286,400.888198757764,26.3,51.0,32.28,0.22,2.29,0,0,0,0,0
1072,1.4575,3.47,307.5,324.0,3.3923,1052.5688073394494,4224.253968253968,617.5081967213115,15.1,84.8,40.63,0.3,2.05,0,0,0,0,0
76,2.8858,75.64,219.6,152.0,3.7314,4845.142857142857,13894.59523809524,2048.0061728395062,18.1,83.3,22.44,0.25,2.71,0,0,0,0,0
321,3.7502,53.73,381.0,332.0,4.1428,2860.0,25.0,0.0057803468208092,8.4,96.9,61.11,0.88,1.64,0,0,0,0,0
884,3.6678,58.45,399.2,439.0,3.4189,1741.783625730994,7423.0,3101.8815789473683,15.1,84.8,40.63,0.3,2.05,0,0,0,0,0
254,1.9352,77.74,255.57,241.0,2.4849,336.9047619047619,4264.631578947368,288.7435897435897,17.8,84.8,41.46,0.5,2.08,0,0,0,0,0
224,4.118,21.37,392.0,397.0,3.6506,2663.575757575757,8886.488888888889,235.90579710144928,15.1,84.8,40.63,0.3,2.05,0,0,0,0,0
81,3.8503,15.79,139.5,289.0,4.0494,4229.166666666667,129206.03448275862,5443.360248447205,17.3,85.0,49.14,0.49,1.3,0,0,0,0,0
1188,3.7568,19.01,72.14,44.0,3.3737,3833.174157303371,3861.482142857143,242.07103825136613,15.1,84.8,40.63,0.3,2.05,0,0,0,0,0
772,3.9166,33.07,106.2,45.0,3.8809,10.9375,2511.4444444444443,114.94252873563218,8.4,96.9,61.11,0.88,1.64,0,0,0,0,0
310,3.6875,58.4,20.5,6.0,3.8978,2841.964285714286,21186.24731182796,810.6994535519126,17.3,85.0,49.14,0.49,1.3,0,0,0,0,0
665,2.8539,38.33,70.4,55.0,2.6901,5440.88,18689.0198019802,449.34104046242777,19.6,86.7,39.82,0.38,2.77,0,0,0,0,0
1,3.909,76.67,249.42,268.0,3.6532,402.6315789473685,9583.268292682927,3618.956834532374,11.8,93.3,38.82,0.33,0.94,0,0,0,0,0
25,3.8279,1.48,63.75,180.0,3.3539,,36164.20930232558,1107.0,18.1,83.3,22.44,0.25,2.71,0,0,0,0,0
33,3.47,18.36,250.12,163.0,3.9931,9.30232558139535,13918.509803921568,756.0338983050848,8.4,96.9,61.11,0.88,1.64,0,0,0,0,0
827,3.257,40.1,355.25,348.0,3.8362,346.969696969697,8065.121212121212,187.625,17.8,84.8,41.46,0.5,2.08,0,0,0,0,0
158,4.1248,25.23,195.25,199.0,3.9153,92.91044776119404,677.0,4.957446808510638,18.6,92.4,50.9,0.67,2.22,0,0,0,0,0
777,3.5247,79.35,14.67,168.0,3.2943,2145.755,292.6666666666667,2.0076335877862594,8.4,96.9,61.11,0.88,1.64,0,0,0,0,0
379,2.9616,41.94,202.67,261.0,3.9405,,22797.5,175.6,20.4,92.2,63.64,0.8,1.1,0,0,1,0,0
28,4.967,37.25,36.0,71.0,4.3,8791.558441558442,189225.66,465.57936507936506,11.8,93.3,38.82,0.33,0.94,0,0,0,0,0
983,3.3153,58.47,418.25,436.0,2.615,253.6551724137931,,0.0,8.4,96.9,61.11,0.88,1.64,0,0,0,0,0
847,4.4379,19.6,137.0,113.0,4.4429,3379.285714285714,28258.472081218275,2699.632075471698,8.4,96.9,61.11,0.88,1.64,0,0,0,0,0
1112,3.5351,15.0,52.67,63.0,2.827,355171.1176470588,25061.489361702126,3347.584415584416,19.6,86.7,39.82,0.38,2.77,0,0,0,0,0
53,3.8548,51.26,141.5,80.0,3.4985,3630.542986425339,14953.4625,1221.5071428571428,8.4,96.9,61.11,0.88,1.64,0,0,0,0,0
1014,3.8108,31.86,355.25,339.0,3.8733,467.5838150289017,19103.557823129253,2641.1011235955057,15.1,84.8,40.63,0.3,2.05,0,0,0,0,0
1010,3.7948,50.0,170.25,150.0,4.6102,,54992.80620155039,6102.684210526316,18.1,83.3,22.44,0.25,2.71,0,0,0,0,0
840,3.547,52.4,112.4,104.0,3.7656,1223.4741784037558,5378.745454545455,109.43076923076924,15.7,94.0,45.52,1.2,1.27,0,0,0,0,0
1114,3.3034,3.76,170.25,362.0,3.8408,342.12598425196853,3322.8478260869565,465.1236559139785,18.2,97.1,46.49,0.75,2.46,0,0,0,0,0
737,3.0163,95.96,281.0,204.0,4.2704,669.4630872483222,11977.764705882351,179.00552486187846,15.2,82.3,38.58,0.5,2.13,0,0,0,0,0
469,3.0267,7.14,184.25,145.0,3.1857,590.3669724770642,105.0,0.1368421052631579,11.8,93.3,38.82,0.33,0.94,0,0,0,0,0
298,3.6446,20.0,144.83,123.0,4.2571,116.98113207547168,0.0,0.0328638497652582,,,,0.75,0.7,0,0,0,0,0
586,2.811,84.12,53.67,46.0,1.0687,233.3333333333333,6593.571428571428,203.7685185185185,17.8,84.8,41.46,0.5,2.08,0,0,0,0,0
715,1.9692,0.0,,,3.2321,26315.78947368421,13732.22,900.20625,19.4,70.0,33.42,0.33,1.53,0,0,0,0,1
174,3.2807,29.23,399.2,449.0,3.4058,636.25,8366.052631578947,253.6089108910891,15.1,84.8,40.63,0.3,2.05,0,0,0,0,0
733,3.5153,51.01,52.67,44.0,3.2935,965.1310043668122,4677.0,316.0,15.1,84.8,40.63,0.3,2.05,0,0,0,0,0
250,2.9478,21.15,106.2,107.0,3.2859,3.1645569620253164,4229.181818181818,209.55621301775147,18.6,92.4,50.9,0.67,2.22,0,0,0,0,0
478,3.7444,40.26,281.0,253.0,4.0587,346.23655913978496,6817.890625,274.1055900621118,8.3,91.3,46.53,0.75,1.38,0,0,0,1,0
1177,2.852,39.66,422.22,424.0,3.111,11238.372093023256,33050.83018867925,560.4740740740741,16.8,91.4,52.21,0.38,1.69,0,0,0,0,0
204,4.7199,22.92,70.0,107.0,4.4357,525.4857142857143,9793.755102040815,577.5135135135135,15.1,84.8,40.63,0.3,2.05,0,0,0,0,0
927,3.2985,23.81,178.0,193.0,3.384,,2429.9375,13.357414448669202,13.1,93.2,39.66,0.5,1.37,0,0,0,0,0
34,3.266,10.0,381.0,332.0,2.814,2407.6470588235293,3969.7619047619046,171.06756756756758,15.7,94.0,45.52,1.2,1.27,0,0,0,0,0
27,4.5722,43.51,229.0,260.0,4.6594,5731.25,7711.523809523809,34.862637362637365,17.8,84.8,41.46,0.5,2.08,0,0,0,0,0
1077,4.2929,38.79,77.6,53.0,4.118,2237.0298507462685,169433.46496815287,15483.8125,15.2,82.3,38.58,0.5,2.13,0,0,0,0,0
70,3.7746,11.54,229.0,324.0,3.5903,738.9447236180905,146611.875,8737.693430656935,15.7,94.0,45.52,1.2,1.27,0,0,0,0,0
891,3.62,50.38,392.0,362.0,3.855,893.4782608695652,7289.4390243902435,193.4909090909091,20.4,92.2,63.64,0.8,1.1,0,0,1,0,0
845,3.809,75.57,202.67,136.0,3.478,763.1472081218274,20313.485294117647,1055.563492063492,13.1,93.2,39.66,0.5,1.37,0,0,0,0,0
378,2.6258,51.85,219.6,368.0,2.4358,360.0,21641.35714285714,431.02797202797206,15.1,84.8,40.63,0.3,2.05,0,0,0,0,0
37,3.2591,47.48,250.12,254.0,3.5681,1017.1875,6577.131578947368,747.6516129032258,20.4,92.2,63.64,0.8,1.1,0,0,1,0,0
580,3.4057,30.81,213.33,149.0,4.1133,22383.696132596684,166801.44444444444,50134.90540540541,19.6,86.7,39.82,0.38,2.77,0,0,0,0,0
273,3.1402,47.89,229.0,260.0,2.2146,116.46341463414636,7198.5,1100.5247524752476,11.8,93.3,38.82,0.33,0.94,0,0,0,0,0
486,2.4007,87.5,230.33,231.0,3.6837,987.7952755905512,7942.518518518518,445.6976744186047,19.6,86.7,39.82,0.38,2.77,0,0,0,0,0
676,3.9817,34.94,290.33,269.0,3.8828,1232.7586206896551,19069.0,1.4770114942528736,,,,0.5,1.58,0,0,0,0,0
1040,2.7929,80.0,299.67,286.0,2.9991,20712.5,6178.8,79.48031496062993,,,,,,0,0,0,0,0
269,3.2084,23.53,107.6,115.0,3.3182,4393.803418803419,6931.738095238095,728.7989417989418,15.1,84.8,40.63,0.3,2.05,0,0,0,0,0
1082,2.6861,72.34,20.5,40.0,2.6307,5968.811881188119,0.0,0.3412698412698413,15.1,84.8,40.63,0.3,2.05,0,0,0,0,0
1127,3.8929,74.81,57.4,34.0,4.7449,449.4660194174757,26938.71212121212,2496.8630136986303,8.4,96.9,61.11,0.88,1.64,0,0,0,0,0
17,3.4179,11.2,72.14,81.0,3.7119,6228.34375,90141.42372881356,1644.7862595419847,18.6,92.4,50.9,0.67,2.22,0,0,0,0,0
1007,3.7117,2.52,53.67,29.0,4.1565,13493.244897959185,42420.68695652174,7306.020576131687,16.8,91.4,52.21,0.38,1.69,0,0,0,0,0
633,3.3987,27.27,195.67,247.0,4.192,1385.054347826087,59869.56,3179.244318181818,19.6,86.7,39.82,0.38,2.77,0,0,0,0,0
1087,4.8962,11.78,356.29,267.0,4.598,8888.587982832618,16910.912280701756,3707.8333333333335,15.1,84.8,40.63,0.3,2.05,0,0,0,0,0
1162,2.7674,73.85,299.67,304.0,2.7424,5623.148148148148,11354.6875,16.890295358649787,8.4,96.9,61.11,0.88,1.64,0,0,0,0,0
309,,,,,,0.0,98879.11111111112,0.0,18.6,92.4,50.9,0.67,2.22,0,0,0,0,0
546,3.2651,1.29,93.75,43.0,4.1206,9.92063492063492,9973.791208791208,1412.535,8.6,85.6,40.74,0.5,1.74,0,1,0,0,0
79,2.9807,72.8,277.0,248.0,2.4879,638.7850467289719,4220.5,65.53815261044177,17.8,84.8,41.46,0.5,2.08,0,0,0,0,0
765,3.4029,56.14,176.0,201.0,3.9317,306.25,9019.766666666666,487.150289017341,11.8,93.3,38.82,0.33,0.94,0,0,0,0,0
1013,3.1995,52.89,421.46,354.0,3.6362,53.86363636363637,18465.28,596.3130434782609,17.8,84.8,41.46,0.5,2.08,0,0,0,0,0
911,1.9533,78.79,202.67,211.0,2.4986,786.5269461077844,436.0,0.4181818181818181,13.1,93.2,39.66,0.5,1.37,0,0,0,0,0
612,3.2862,14.35,230.33,231.0,3.2058,1886.945945945946,2787.1428571428573,73.52671755725191,15.1,84.8,40.63,0.3,2.05,0,0,0,0,0
156,4.3918,30.08,178.0,179.0,4.182,3490.7894736842104,10525.585714285717,1311.0050505050506,19.4,70.0,33.42,0.33,1.53,0,0,0,0,1
560,3.5773,7.73,255.57,243.0,3.0355,11464.529914529914,142853.7966101695,22178.36458333333,18.6,92.4,50.9,0.67,2.22,0,0,0,0,0
897,,,,,,0.0,50247.25,0.0,18.3,83.4,39.72,0.6,0.86,0,0,0,0,0
186,2.8542,53.15,170.25,150.0,2.6721,1040.5172413793102,12924.142857142857,0.759493670886076,18.1,83.3,22.44,0.25,2.71,0,0,0,0,0
693,3.0836,29.63,170.25,150.0,3.1613,711.8279569892474,273.6666666666667,0.1842105263157894,18.6,92.4,50.9,0.67,2.22,0,0,0,0,0
202,3.6092,76.6,193.2,180.0,3.5614,3293.246511627907,175520.63333333333,5358.102564102564,8.4,96.9,61.11,0.88,1.64,0,0,0,0,0
742,3.7724,56.23,70.0,35.0,3.8137,7031.645569620253,24164.94827586207,4181.094488188976,17.3,85.0,49.14,0.49,1.3,0,0,0,0,0
713,3.9374,5.2,106.2,143.0,4.1631,1037.0661157024792,4074.630434782609,496.8140495867768,15.1,84.8,40.63,0.3,2.05,0,0,0,0,0
49,1.3252,97.5,52.67,63.0,2.1,1293.3333333333333,6788.192307692308,102.26696832579184,8.4,96.9,61.11,0.88,1.64,0,0,0,0,0
591,4.2295,14.26,141.5,80.0,4.2127,5802.942196531792,36503.12,1954.1310344827589,16.8,91.4,52.21,0.38,1.69,0,0,0,0,0
839,2.7492,75.48,250.12,308.0,2.7246,137.67123287671234,8778.6,420.77840909090907,20.4,92.2,63.64,0.8,1.1,0,0,1,0,0
1168,4.2008,81.3,329.5,342.0,4.1506,0.8064516129032258,6252.84693877551,1890.8701923076924,19.4,70.0,33.42,0.33,1.53,0,0,0,0,1
567,3.8223,70.81,49.75,97.0,3.6549,1808.381188118812,7359.789473684211,878.8979591836735,20.4,92.2,63.64,0.8,1.1,0,0,1,0,0
9,1.6434,66.67,230.33,208.0,3.5421,0.0,16161.2,175.39,18.2,97.1,46.49,0.75,2.46,0,0,0,0,0
118,3.2341,33.71,418.25,436.0,2.9583,286.7132867132867,4124.941176470588,324.4761904761905,17.3,85.0,49.14,0.49,1.3,0,0,0,0,0
614,2.6131,71.43,213.33,313.0,3.6543,1289.2592592592594,107487.5,1735.0742574257426,26.3,51.0,32.28,0.22,2.29,0,0,0,0,0
1085,3.5474,21.12,249.42,290.0,3.2306,1105.9641255605382,7088.2,52.785714285714285,18.6,92.4,50.9,0.67,2.22,0,0,0,0,0
680,3.1537,32.39,307.5,324.0,3.0887,332.03125,143424.875,2795.950980392157,18.3,83.4,39.72,0.6,0.86,0,0,0,0,0
1018,2.8437,62.32,281.43,257.0,3.4747,2000.0,4335.714285714285,81.65306122448979,15.1,84.8,40.63,0.3,2.05,0,0,0,0,0
1066,3.9065,32.03,106.2,45.0,3.7161,3935.2350230414745,71676.32967032967,3318.678321678321,18.6,92.4,50.9,0.67,2.22,0,0,0,0,0
641,3.2192,43.33,36.0,71.0,3.5668,38562.5,49701.982142857145,15970.447513812154,18.6,92.4,50.9,0.67,2.22,0,0,0,0,0
68,3.2701,43.08,381.0,418.0,3.7279,1129.2016806722688,6542.915492957746,645.3719008264463,20.4,92.2,63.64,0.8,1.1,0,0,1,0,0
340,2.9018,18.05,277.0,253.0,2.9674,15875.883248730965,12636.58064516129,1064.533834586466,20.4,92.2,63.64,0.8,1.1,0,0,1,0,0
605,3.4138,44.74,239.0,79.0,4.4209,98.91752577319588,6918.598130841122,1555.65625,20.4,92.2,63.64,0.8,1.1,0,0,1,0,0
189,3.9003,12.27,361.67,371.0,2.8924,7523.333333333333,3915.714285714286,30.99047619047619,15.1,84.8,40.63,0.3,2.05,0,0,0,0,0
946,2.9092,23.33,202.67,136.0,2.4558,367.9411764705882,15725.588235294115,487.4158415841584,18.1,83.3,22.44,0.25,2.71,0,0,0,0,0
251,3.1365,80.25,277.0,248.0,3.6592,3745.150537634409,4185.913793103448,656.065,11.8,93.3,38.82,0.33,0.94,0,0,0,0,0
1021,2.2471,82.61,356.29,388.0,2.7454,1864.383561643836,3133.285714285714,80.45731707317073,17.8,84.8,41.46,0.5,2.08,0,0,0,0,0
1081,3.2066,48.81,176.0,138.0,3.5372,1802.4038461538464,551.25,4.425925925925926,18.2,97.1,46.49,0.75,2.46,0,0,0,0,0
21,3.561,42.65,356.29,156.0,3.772,2491.530054644809,16649.457142857143,438.3815028901734,15.7,94.0,45.52,1.2,1.27,0,0,0,0,0
1086,2.0906,19.0,280.83,276.0,3.1009,1091.6666666666667,8196.42857142857,3.957055214723926,17.8,84.8,41.46,0.5,2.08,0,0,0,0,0
1149,3.4388,36.41,355.25,339.0,2.5024,1887.0689655172407,5683.797468354431,234.0,20.4,92.2,63.64,0.8,1.1,0,0,1,0,0
235,4.5313,9.97,107.6,62.0,3.8309,15250.818681318682,15018.007407407407,4100.510416666667,18.6,92.4,50.9,0.67,2.22,0,0,0,0,0
179,2.3513,88.89,170.25,62.0,3.0847,117.01030927835052,50.0,0.027027027027027,17.3,85.0,49.14,0.49,1.3,0,0,0,0,0
972,3.1648,93.39,106.2,45.0,2.8811,11722.457627118643,9911.933333333332,14.41869918699187,8.4,96.9,61.11,0.88,1.64,0,0,0,0,0
449,3.5438,31.41,290.6,192.0,2.9018,652.45,9587.433333333332,644.781990521327,15.1,84.8,40.63,0.3,2.05,0,0,0,0,0
1102,3.5779,76.37,229.0,260.0,3.9521,499.5192307692308,548.6666666666666,10.3359375,18.6,92.4,50.9,0.67,2.22,0,0,0,0,0
699,2.4272,70.33,281.43,240.0,2.249,9025.43352601156,17248.133333333335,741.0342465753424,19.6,86.7,39.82,0.38,2.77,0,0,0,0,0
548,3.8604,24.57,399.2,409.0,3.4532,3.807106598984772,11138.785714285714,260.9918699186992,15.1,84.8,40.63,0.3,2.05,0,0,0,0,0
738,3.0404,83.65,137.0,113.0,3.1614,1304.6875,2004.5333333333333,63.51980198019802,8.4,96.9,61.11,0.88,1.64,0,0,0,0,0
963,4.3032,21.73,202.67,211.0,4.064,1163.2231404958677,7459.53488372093,354.26794258373207,15.7,94.0,45.52,1.2,1.27,0,0,0,0,0
211,3.1766,50.94,250.12,132.0,2.4554,1095.4545454545455,3201.395348837209,648.3859649122807,20.4,92.2,63.64,0.8,1.1,0,0,1,0,0
102,3.0516,78.73,260.25,322.0,3.553,3845.4545454545455,2989.25,18.39929328621908,17.8,84.8,41.46,0.5,2.08,0,0,0,0,0
1156,3.6366,6.71,359.17,367.0,4.3058,11310.0,49040.48484848485,3936.42,18.3,83.4,39.72,0.6,0.86,0,0,0,0,0
1123,1.9518,53.85,361.67,371.0,2.8454,591.9075144508671,11213.72,584.486301369863,17.3,85.0,49.14,0.49,1.3,0,0,0,0,0
155,3.9007,42.04,52.67,70.0,3.9526,12498.404255319148,22768.191489361703,1644.214876033058,,,,0.75,0.7,0,0,0,0,0
399,2.5442,33.33,14.67,2.0,1.6775,3496507.6923076925,,0.0,11.8,93.3,38.82,0.33,0.94,0,0,0,0,0
23,,,,,,0.0,3558.4444444444443,0.0,15.7,94.0,45.52,1.2,1.27,0,0,0,0,0
544,2.371,40.88,355.25,195.0,3.2354,561.2,5326.1621621621625,19.79326923076923,16.8,91.4,52.21,0.38,1.69,0,0,0,0,0
555,3.2096,63.51,249.42,268.0,3.6841,2381.8435754189945,6612.217391304348,1.4814814814814814,20.4,92.2,63.64,0.8,1.1,0,0,1,0,0
867,3.5816,61.71,356.29,305.0,4.2899,12393.366666666669,15952.530973451328,2266.636029411765,8.3,91.3,46.53,0.75,1.38,0,0,0,1,0
1060,3.7556,71.88,260.25,237.0,3.6963,890.6832298136646,57405.057692307695,1221.605,19.2,77.0,21.21,0.0,1.0,0,0,0,0,0
113,4.2591,40.18,72.14,105.0,3.8147,1791.121951219512,41917.357142857145,3972.294520547945,17.8,84.8,41.46,0.5,2.08,0,0,0,0,0
420,4.1954,47.19,193.2,180.0,1.2804,4392.511013215859,5632.4,1429.738317757009,18.6,92.4,50.9,0.67,2.22,0,0,0,0,0
999,3.7105,76.67,52.67,44.0,3.2582,1072.0833333333333,1621.0,12.48051948051948,18.1,83.3,22.44,0.25,2.71,0,0,0,0,0
780,4.1246,41.67,237.5,197.0,4.3453,,4097.789473684211,406.6117647058824,16.8,91.4,52.21,0.38,1.69,0,0,0,0,0
596,2.5916,67.05,359.17,367.0,2.3091,650.6410256410256,204.5,0.0570342205323193,20.4,92.2,63.64,0.8,1.1,0,0,1,0,0
1045,3.7901,24.4,290.6,192.0,2.4346,1106.4356435643565,10510.270833333334,257.9073170731708,20.4,92.2,63.64,0.8,1.1,0,0,1,0,0
797,3.7533,12.24,192.8,249.0,3.2509,338.3647798742138,5618.125,325.86315789473684,15.1,84.8,40.63,0.3,2.05,0,0,0,0,0
410,,,,,,0.0,435.0,0.0,18.6,92.4,50.9,0.67,2.22,0,0,0,0,0
104,4.3517,62.05,277.0,136.0,4.7512,9878.83597883598,77171.09615384616,13237.138554216868,18.1,83.3,22.44,0.25,2.71,0,0,0,0,0
822,2.7456,76.85,230.33,208.0,2.9077,9246.42857142857,32503.83,1894.9065934065927,8.4,96.9,61.11,0.88,1.64,0,0,0,0,0
850,,,,,,0.0,50.0,0.0,20.4,92.2,63.64,0.8,1.1,0,0,1,0,0
360,3.1304,9.87,184.25,145.0,3.5203,182.3741007194245,4114.083333333333,61.72527472527472,18.6,92.4,50.9,0.67,2.22,0,0,0,0,0
782,3.0431,39.13,72.14,36.0,3.0531,1400.78125,9451.55,469.6265060240964,26.3,51.0,32.28,0.22,2.29,0,0,0,0,0
295,,,,,,,3540.333333333333,0.0,17.8,84.8,41.46,0.5,2.08,0,0,0,0,0
640,3.1856,82.69,51.6,32.0,3.6724,4.504504504504505,8434.916666666666,97.34928229665071,8.4,96.9,61.11,0.88,1.64,0,0,0,0,0
304,3.6945,46.2,72.14,81.0,3.6628,131.2925170068027,6517.090909090909,609.917808219178,19.4,70.0,33.42,0.33,1.53,0,0,0,0,1
751,3.196,20.54,49.75,68.0,3.7195,402.8571428571428,7697.875,249.9253731343284,15.7,94.0,45.52,1.2,1.27,0,0,0,0,0
350,3.2897,8.87,72.14,81.0,3.3083,1165.3111111111111,6359.101449275362,782.705035971223,15.1,84.8,40.63,0.3,2.05,0,0,0,0,0
912,3.34,39.66,334.67,361.0,3.8753,437.2549019607843,1558.0,2.5240384615384617,17.8,84.8,41.46,0.5,2.08,0,0,0,0,0
543,2.2025,50.0,202.83,263.0,3.0258,8065185.483870967,134803.06779661018,1775.8589743589744,11.8,93.3,38.82,0.33,0.94,0,0,0,0,0
446,3.3723,89.66,237.5,302.0,4.2484,1320.945945945946,38145.01,2474.1375,19.4,70.0,33.42,0.33,1.53,0,0,0,0,1
458,2.5418,31.32,73.33,47.0,3.1089,440773.8858695653,7727.8,474.8238636363636,8.4,96.9,61.11,0.88,1.64,0,0,0,0,0
599,3.8188,7.29,193.2,180.0,3.892,335.2564102564103,5901.6,251.72043010752688,15.1,84.8,40.63,0.3,2.05,0,0,0,0,0
216,2.367,44.83,260.25,322.0,3.8174,4.62962962962963,2003.3333333333333,0.0674157303370786,8.4,96.9,61.11,0.88,1.64,0,0,0,0,0
1089,3.4311,86.82,195.67,271.0,3.4377,18128.46153846154,0.0,0.0222222222222222,19.6,86.7,39.82,0.38,2.77,0,0,0,0,0
138,3.8297,48.0,356.29,388.0,3.9175,29095.6,53161.71929824561,1911.8159509202453,20.4,92.2,63.64,0.8,1.1,0,0,1,0,0
978,3.7064,15.43,385.75,352.0,2.9234,4933.87027027027,1802.090909090909,22.619565217391305,18.6,92.4,50.9,0.67,2.22,0,0,0,0,0
947,3.0641,5.59,63.75,154.0,2.802,3708.730158730159,3931.642857142857,0.8763440860215054,15.1,84.8,40.63,0.3,2.05,0,0,0,0,0
389,3.1149,71.05,89.75,82.0,3.1299,2113.521739130435,3379.1428571428573,125.67883211678831,15.1,84.8,40.63,0.3,2.05,0,0,0,0,0
696,3.0144,12.91,392.0,362.0,3.2247,686.7848837209302,9301.276923076925,2027.496598639456,15.1,84.8,40.63,0.3,2.05,0,0,0,0,0
940,3.6178,60.85,290.33,245.0,3.8793,3142.8030303030305,6218.363636363636,229.205,15.1,84.8,40.63,0.3,2.05,0,0,0,0,0
308,4.6449,41.6,356.29,358.0,4.8216,5659.553191489362,23643.528846153848,350.14204545454544,17.3,85.0,49.14,0.49,1.3,0,0,0,0,0
929,4.0107,58.51,280.83,319.0,3.7973,996.4566929133858,7710.923076923077,212.27,17.3,85.0,49.14,0.49,1.3,0,0,0,0,0
456,4.1743,24.63,255.57,207.0,4.0698,3706.494845360825,27806.4,591.2244897959183,8.4,96.9,61.11,0.88,1.64,0,0,0,0,0
1023,3.9245,4.74,385.75,231.0,4.2777,1730.597014925373,8138.411764705882,113.09420289855072,8.4,96.9,61.11,0.88,1.64,0,0,0,0,0
5,3.5537,66.55,290.33,269.0,3.0744,2557.5703125,10102.208333333334,855.632768361582,17.3,85.0,49.14,0.49,1.3,0,0,0,0,0
121,4.4498,8.16,356.29,358.0,4.3211,32433.75796178344,4206.6875,344.42857142857144,19.6,86.7,39.82,0.38,2.77,0,0,0,0,0
120,3.4326,41.38,356.29,356.0,3.137,1068.58407079646,2733.6444444444446,87.77272727272727,18.6,92.4,50.9,0.67,2.22,0,0,0,0,0
852,3.268,67.12,299.67,374.0,4.0682,2100.602409638554,16312.25925925926,76.24742268041237,17.3,85.0,49.14,0.49,1.3,0,0,0,0,0
1212,2.7328,32.14,281.0,184.0,3.1337,2770.121951219512,101.0,0.0252525252525252,8.4,96.9,61.11,0.88,1.64,0,0,0,0,0
471,3.1686,88.49,356.29,358.0,2.0658,2668.3811659192825,8513.90322580645,1732.1367521367522,20.4,92.2,63.64,0.8,1.1,0,0,1,0,0
327,2.6777,51.72,36.0,56.0,2.2052,4535.0,6829.666666666667,192.8869565217392,18.6,92.4,50.9,0.67,2.22,0,0,0,0,0
493,3.6459,41.49,341.5,340.0,3.5316,462.2782258064516,22125.25,2151.2909090909093,18.6,92.4,50.9,0.67,2.22,0,0,0,0,0
289,2.6646,28.57,193.2,180.0,2.9173,832.010582010582,4474.2307692307695,10.48611111111111,15.1,84.8,40.63,0.3,2.05,0,0,0,0,0
110,4.1992,19.2,96.25,112.0,3.9083,7878.1511627906975,39765.78620689656,3455.306748466258,19.6,86.7,39.82,0.38,2.77,0,0,0,0,0
445,3.3609,27.03,356.29,356.0,2.9007,579.051724137931,4674.333333333333,81.55066079295155,8.4,96.9,61.11,0.88,1.64,0,0,0,0,0
757,3.8977,28.93,14.67,145.0,4.0769,73016.75418994413,36975.79891304348,5627.803278688524,17.8,84.8,41.46,0.5,2.08,0,0,0,0,0
670,,,,,,0.0,407.0,0.0,15.1,84.8,40.63,0.3,2.05,0,0,0,0,0
255,3.6478,21.8,170.25,150.0,3.3831,5146.673202614379,11011.641025641024,72.9578313253012,15.7,94.0,45.52,1.2,1.27,0,0,0,0,0
712,3.322,64.14,72.14,105.0,4.2005,9534.182692307691,6827.69801980198,2175.4115384615384,16.8,91.4,52.21,0.38,1.69,0,0,0,0,0
1202,2.0056,40.91,141.5,80.0,2.6129,3.6496350364963503,17152.5,667.2568306010929,13.1,93.2,39.66,0.5,1.37,0,0,0,0,0
1124,3.0439,9.09,192.8,249.0,2.9419,11305.570680628272,42420.70903010033,3672.341176470589,19.6,86.7,39.82,0.38,2.77,0,0,0,0,0
1057,4.075,9.7,73.33,47.0,4.4255,1079.1156462585034,18926.82692307692,995.259433962264,18.6,92.4,50.9,0.67,2.22,0,0,0,0,0
265,3.9771,28.85,176.0,215.0,3.4053,20576.36363636364,35303.333333333336,3984.094861660079,8.4,96.9,61.11,0.88,1.64,0,0,0,0,0
886,2.9047,33.93,219.6,228.0,3.3873,8203.846153846154,15012.5,219.31578947368425,8.3,91.3,46.53,0.75,1.38,0,0,0,1,0
746,2.5724,9.35,106.2,103.0,3.4429,1693.6666666666667,3836.85,142.88235294117646,17.8,84.8,41.46,0.5,2.08,0,0,0,0,0
282,2.9536,75.36,356.29,358.0,2.2153,303.1727272727273,8223.0,1.7150837988826817,8.4,96.9,61.11,0.88,1.64,0,0,0,0,0
262,,,,,,0.0,69.25,0.0,20.4,92.2,63.64,0.8,1.1,0,0,1,0,0
427,2.9234,84.68,14.67,45.0,3.2944,449.1830065359477,8188.489795918367,1100.9060402684563,19.6,86.7,39.82,0.38,2.77,0,0,0,0,0
137,3.5416,62.22,107.6,146.0,3.4095,1159.2228260869565,8061.956989247312,4248.679245283019,8.4,96.9,61.11,0.88,1.64,0,0,0,0,0
100,3.0131,63.16,57.4,42.0,3.8204,17431.632653061224,160275.03980099503,5015.795620437956,19.2,77.0,21.21,0.0,1.0,0,0,0,0,0
227,3.7069,30.47,137.0,113.0,2.9776,2256.15234375,10623.377777777778,2908.704761904762,17.8,84.8,41.46,0.5,2.08,0,0,0,0,0
190,3.4445,30.12,49.75,63.0,3.2044,3568.8356164383563,42615.194444444445,392.07042253521126,18.3,83.4,39.72,0.6,0.86,0,0,0,0,0
968,3.6767,82.91,219.6,278.0,3.5821,368.2352941176471,5273.041095890411,96.50657894736842,18.1,83.3,22.44,0.25,2.71,0,0,0,0,0
851,2.5013,83.94,202.67,136.0,2.7566,1328.6524390243903,5399.48,58.867816091954026,8.4,96.9,61.11,0.88,1.64,0,0,0,0,0
906,3.7767,80.85,255.57,243.0,4.0085,,11011.727272727272,172.0763358778626,18.2,97.1,46.49,0.75,2.46,0,0,0,0,0
291,3.316,40.2,144.83,142.0,2.7945,3885.629032258064,24706.462686567163,3006.848214285714,8.4,96.9,61.11,0.88,1.64,0,0,0,0,0
301,2.8648,21.79,230.33,208.0,3.5486,137.5,61910.05714285714,1305.2073170731708,18.1,83.3,22.44,0.25,2.71,0,0,0,0,0
228,4.2134,46.63,195.25,154.0,3.9858,397.4108527131783,16295.939759036144,650.7368421052631,17.8,84.8,41.46,0.5,2.08,0,0,0,0,0
492,3.1989,13.71,52.67,134.0,2.9767,294.82758620689657,10508.216216216217,220.01,18.6,92.4,50.9,0.67,2.22,0,0,0,0,0
1152,2.5501,85.62,53.67,25.0,3.3751,398.76847290640393,2485.2380952380954,39.12337662337662,18.6,92.4,50.9,0.67,2.22,0,0,0,0,0
473,1.8122,14.81,290.6,192.0,1.9299,214.28571428571428,5735.0,252.3305785123967,11.8,93.3,38.82,0.33,0.94,0,0,0,0,0
985,3.9358,25.48,202.67,261.0,3.9365,9547.943548387097,13248.460784313726,964.1160714285714,15.1,84.8,40.63,0.3,2.05,0,0,0,0,0
520,,,,,,,1805.210526315789,0.0,20.4,92.2,63.64,0.8,1.1,0,0,1,0,0
1096,3.1859,24.86,137.0,113.0,3.4835,152.94117647058823,21082.96551724138,565.6686746987951,18.6,92.4,50.9,0.67,2.22,0,0,0,0,0
264,2.9078,54.41,193.2,180.0,3.6844,3551.5,15167.70588235294,1554.0824742268042,18.6,92.4,50.9,0.67,2.22,0,0,0,0,0
744,,,,,,0.0,13102.666666666666,0.0,19.6,86.7,39.82,0.38,2.77,0,0,0,0,0
45,4.3504,19.33,192.8,116.0,4.3202,2057.786885245901,11330.564516129032,684.2880434782609,19.4,70.0,33.42,0.33,1.53,0,0,0,0,1
948,4.4123,24.1,359.17,335.0,4.2792,974.1187214611872,4259.916666666667,126.85714285714286,15.1,84.8,40.63,0.3,2.05,0,0,0,0,0
109,1.8623,18.92,230.33,340.0,3.2596,,1808.5,54.89453125,15.7,94.0,45.52,1.2,1.27,0,0,0,0,0
1197,3.8876,86.6,418.25,431.0,4.712,796.5644171779142,42887.5243902439,1184.989847715736,19.6,81.0,63.16,1.0,1.43,1,0,0,0,0
194,3.8514,18.03,237.5,4.0,4.0172,745.2788104089219,3544.181818181818,133.2659574468085,8.3,91.3,46.53,0.75,1.38,0,0,0,1,0
673,4.6237,44.12,184.25,190.0,4.2303,5575.192307692308,11368.615384615385,668.4551724137931,8.6,85.6,40.74,0.5,1.74,0,1,0,0,0
655,2.3721,81.91,418.25,431.0,2.1654,9.90566037735849,47023.6282051282,5790.108433734939,15.1,84.8,40.63,0.3,2.05,0,0,0,0,0
844,3.0399,58.21,219.6,152.0,3.3759,2628.2442748091603,10462.23076923077,282.5576923076923,15.7,94.0,45.52,1.2,1.27,0,0,0,0,0
266,1.7316,83.1,392.0,362.0,2.9246,351.47058823529414,448.1111111111111,0.8333333333333334,18.6,92.4,50.9,0.67,2.22,0,0,0,0,0
866,3.9647,31.54,178.0,409.0,3.336,5718.666666666667,32390.016666666663,3333.2131147540986,17.8,84.8,41.46,0.5,2.08,0,0,0,0,0
1036,3.8122,25.92,237.5,197.0,3.3117,536.9047619047619,65601.0,635.1130434782609,15.2,82.3,38.58,0.5,2.13,0,0,0,0,0
465,3.3204,84.48,418.25,436.0,2.9525,1.6216216216216215,8728.888888888889,102.83333333333331,18.1,83.3,22.44,0.25,2.71,0,0,0,0,0
122,3.9899,50.2,250.12,150.0,3.5407,,2458.333333333333,20.2020202020202,17.8,84.8,41.46,0.5,2.08,0,0,0,0,0
1195,3.7321,26.51,392.0,397.0,3.7692,745.8115183246073,10536.478260869566,656.1168831168832,11.8,93.3,38.82,0.33,0.94,0,0,0,0,0
358,3.885,59.82,195.25,154.0,3.5185,1094.2446043165469,25340.49494949495,2063.58,15.2,82.3,38.58,0.5,2.13,0,0,0,0,0
842,4.0096,11.45,202.67,260.0,3.2039,2492.478813559322,58394.20338983051,14128.40350877193,8.4,96.9,61.11,0.88,1.64,0,0,0,0,0
42,3.2511,87.5,421.46,438.0,3.081,2278.688524590164,11545.363636363636,145.44600938967136,8.6,85.6,40.74,0.5,1.74,0,1,0,0,0
915,3.5909,51.16,250.12,254.0,3.2329,2278.179487179488,13952.111111111111,66.55974842767296,15.1,84.8,40.63,0.3,2.05,0,0,0,0,0
381,2.975,29.17,183.33,134.0,3.8813,11031.11235955056,3397.0,55.89705882352941,15.1,84.8,40.63,0.3,2.05,0,0,0,0,0
787,3.8524,12.61,28.5,260.0,3.8667,8245.547945205479,7512.8125,450.0656565656566,8.4,96.9,61.11,0.88,1.64,0,0,0,0,0
539,2.1391,85.53,219.6,152.0,4.0182,13.846153846153848,3602.5714285714284,41.86610878661088,,,,0.5,1.58,0,0,0,0,0
435,3.018,68.5,144.83,142.0,3.2061,905.607476635514,5985.714285714285,181.2076923076923,15.7,94.0,45.52,1.2,1.27,0,0,0,0,0
1093,3.1008,29.47,141.5,168.0,3.5852,314.1304347826087,23206.128205128207,2400.0103626943005,18.6,92.4,50.9,0.67,2.22,0,0,0,0,0
52,3.1478,21.07,153.25,118.0,4.2452,2290.1098901098903,7292.723404255319,1479.190476190476,18.6,92.4,50.9,0.67,2.22,0,0,0,0,0
257,3.9533,20.11,280.83,195.0,4.3209,69657.98611111111,118704.25274725274,3016.957142857143,8.4,96.9,61.11,0.88,1.64,0,0,0,0,0
516,3.7942,45.2,93.75,20.0,3.0532,7709.674698795181,60650.88607594937,1416.776397515528,8.4,96.9,61.11,0.88,1.64,0,0,0,0,0
205,3.8179,24.68,72.14,178.0,4.5835,55402.65151515151,215380.0909090909,2382.3,16.8,91.4,52.21,0.38,1.69,0,0,0,0,0
917,2.7661,29.03,192.8,195.0,2.948,7001.145038167939,3405.5,1.801980198019802,15.7,94.0,45.52,1.2,1.27,0,0,0,0,0
31,2.271,97.44,202.67,340.0,2.7071,371.4285714285714,25667.044943820223,170.28251121076232,19.6,81.0,63.16,1.0,1.43,1,0,0,0,0
859,,,,,,0.0,160069.0,0.0,19.6,86.7,39.82,0.38,2.77,0,0,0,0,0
351,3.2021,13.11,137.0,231.0,3.9553,1300.0,16494.35714285714,804.8620689655172,20.4,92.2,63.64,0.8,1.1,0,0,1,0,0
706,3.3777,55.48,107.6,146.0,3.1082,16984.04761904762,59095.28571428572,1439.6644295302012,18.2,97.1,46.49,0.75,2.46,0,0,0,0,0
491,2.4765,0.0,,,3.1321,297.5238095238095,29970.15909090909,443.6857142857143,17.3,85.0,49.14,0.49,1.3,0,0,0,0,0
525,3.7051,29.83,230.33,231.0,3.6994,750.9756097560976,3242.5,84.71724137931035,18.6,92.4,50.9,0.67,2.22,0,0,0,0,0
679,2.6933,40.74,249.42,154.0,3.1695,3801799.289099526,8812.142857142857,0.5147058823529411,18.1,83.3,22.44,0.25,2.71,0,0,0,0,0
1107,3.8541,32.2,28.5,33.0,3.4622,7077.894736842105,7868.185185185185,380.6727272727273,8.4,96.9,61.11,0.88,1.64,0,0,0,0,0
794,4.5381,21.16,72.14,294.0,4.277,2117.4418604651164,7213.1463414634145,1174.0179640718563,8.4,96.9,61.11,0.88,1.64,0,0,0,0,0
732,2.0947,55.56,102.33,294.0,2.9698,764.6919431279621,11819.333333333334,2.45,15.2,82.3,38.58,0.5,2.13,0,0,0,0,0
335,3.5432,46.74,170.25,158.0,3.7587,3982.11009174312,11488.040816326533,649.5721393034826,20.4,92.2,63.64,0.8,1.1,0,0,1,0,0
597,3.2275,54.55,381.0,332.0,4.0998,423.6363636363636,6575.5,57.917355371900825,17.8,84.8,41.46,0.5,2.08,0,0,0,0,0
1111,3.5253,4.2,178.0,431.0,4.2399,316.56050955414014,1672.7336683417086,752.2268907563025,16.8,91.4,52.21,0.38,1.69,0,0,0,0,0
1005,3.3688,44.44,281.0,204.0,2.7823,,14176.0,1573.6434108527133,15.2,82.3,38.58,0.5,2.13,0,0,0,0,0
1092,3.2221,22.1,219.6,228.0,3.1603,1528.0828402366865,2792.833333333333,21.860103626943005,15.1,84.8,40.63,0.3,2.05,0,0,0,0,0
922,1.5795,90.28,36.0,4.0,2.8544,1079.7101449275362,12915.8,1.297491039426523,16.8,91.4,52.21,0.38,1.69,0,0,0,0,0
362,3.1931,53.78,133.25,78.0,2.7912,216.3538461538461,6485.688888888889,407.7978723404256,18.6,92.4,50.9,0.67,2.22,0,0,0,0,0
322,3.0829,67.23,106.2,133.0,3.843,1541.6666666666667,2817.9333333333334,48.83536585365854,8.4,96.9,61.11,0.88,1.64,0,0,0,0,0
914,4.4718,65.45,329.5,313.0,4.421,11576.42857142857,11902.487804878048,3333.131221719457,17.3,85.0,49.14,0.49,1.3,0,0,0,0,0
816,2.9711,79.43,381.0,297.0,2.9304,547.0588235294117,16066.072727272727,1250.35,20.4,92.2,63.64,0.8,1.1,0,0,1,0,0
401,3.5923,15.85,399.2,439.0,3.9357,1134.6951219512196,6150.152173913043,1239.5397727272727,20.4,92.2,63.64,0.8,1.1,0,0,1,0,0
349,3.4127,42.91,290.33,180.0,3.6632,583.3333333333334,5144.238095238095,407.3387978142076,20.4,92.2,63.64,0.8,1.1,0,0,1,0,0
878,1.6091,67.65,141.5,168.0,2.8278,4249.290780141844,25759.59574468085,3045.616352201258,18.1,83.3,22.44,0.25,2.71,0,0,0,0,0
125,3.3419,29.33,255.57,241.0,3.5086,3438.6666666666665,5900.428571428572,89.85074626865672,18.6,92.4,50.9,0.67,2.22,0,0,0,0,0
328,2.7227,22.0,178.0,179.0,3.3723,688.9880952380952,13781.244444444445,1150.3315789473684,8.4,96.9,61.11,0.88,1.64,0,0,0,0,0
392,1.9953,66.67,334.67,361.0,3.0638,7927.415384615385,14316.346153846154,1562.2360248447203,17.3,85.0,49.14,0.49,1.3,0,0,0,0,0
30,4.5204,15.11,8.5,9.0,4.2404,10353.426470588236,48532.934782608696,5821.860294117647,8.4,96.9,61.11,0.88,1.64,0,0,0,0,0
1084,2.0023,83.93,277.0,248.0,3.7488,1357.3846153846157,15176.560975609756,136.54140127388536,17.3,85.0,49.14,0.49,1.3,0,0,0,0,0
620,3.7832,76.81,329.5,313.0,4.4448,6436.590909090909,11817.847826086956,1837.5265700483087,8.6,85.6,40.74,0.5,1.74,0,1,0,0,0
404,3.8258,17.52,52.67,70.0,4.1399,271.42857142857144,18653.03614457832,1993.393103448276,17.8,84.8,41.46,0.5,2.08,0,0,0,0,0
210,4.3563,6.78,184.25,145.0,4.4379,4117.708333333333,10857.09090909091,939.8739130434784,15.1,84.8,40.63,0.3,2.05,0,0,0,0,0
234,3.9512,69.29,260.25,322.0,4.4755,9740.267379679144,31867.314285714285,581.5594405594405,8.4,96.9,61.11,0.88,1.64,0,0,0,0,0
419,2.5799,77.46,280.83,195.0,2.6707,453.3057851239669,675.0,0.0,20.4,92.2,63.64,0.8,1.1,0,0,1,0,0
853,2.8716,60.9,281.43,240.0,2.5648,610.328502415459,8341.764705882353,771.978021978022,15.7,94.0,45.52,1.2,1.27,0,0,0,0,0
743,,,,,,0.0,2824.769230769231,0.0,8.4,96.9,61.11,0.88,1.64,0,0,0,0,0
302,3.7526,47.21,290.6,192.0,3.3359,5148.320675105485,27097.433673469382,4211.577586206897,18.6,92.4,50.9,0.67,2.22,0,0,0,0,0
611,3.9625,3.83,77.0,75.0,3.2641,186.5625,4407.625,132.05128205128204,8.4,96.9,61.11,0.88,1.64,0,0,0,0,0
128,3.4224,47.1,290.33,112.0,3.7955,1639.766081871345,6751.532110091744,1793.179347826087,8.4,96.9,61.11,0.88,1.64,0,0,0,0,0
889,1.4975,74.32,72.14,28.0,2.81,3149.5689655172414,12077.51724137931,1016.5589743589744,15.2,82.3,38.58,0.5,2.13,0,0,0,0,0
667,4.0057,7.94,260.25,14.0,3.5794,4797.767857142857,31571.555555555555,922.8493150684932,18.1,83.3,22.44,0.25,2.71,0,0,0,0,0
103,3.9769,84.32,239.0,335.0,4.0216,2502.803738317757,6244.027777777777,581.7671232876712,20.4,92.2,63.64,0.8,1.1,0,0,1,0,0
1051,2.3914,2.33,106.2,110.0,3.0098,0.8620689655172413,5698.916666666667,107.82608695652172,8.6,85.6,40.74,0.5,1.74,0,1,0,0,0
217,1.903,81.36,202.67,136.0,3.0962,1162.121212121212,14541.285714285714,559.7622377622378,15.1,84.8,40.63,0.3,2.05,0,0,0,0,0
391,3.1891,90.62,137.0,44.0,3.5424,42677.82352941176,2705.8,46.86440677966102,15.2,82.3,38.58,0.5,2.13,0,0,0,0,0
1042,3.1914,8.13,219.6,152.0,2.773,1483.4123222748815,204958.4705882353,559.9208633093525,18.6,92.4,50.9,0.67,2.22,0,0,0,0,0
869,4.6062,34.22,176.0,201.0,4.5644,2291.3296703296705,9858.577777777778,1684.4625850340135,18.6,92.4,50.9,0.67,2.22,0,0,0,0,0
1104,3.8559,81.69,277.0,273.0,3.6251,75.24752475247524,2943.4772727272725,173.19753086419752,19.6,86.7,39.82,0.38,2.77,0,0,0,0,0
969,2.725,38.24,195.25,199.0,3.7464,1141.9753086419753,5459.777777777777,89.22962962962963,18.1,83.3,22.44,0.25,2.71,0,0,0,0,0
970,2.5467,65.83,299.67,304.0,2.3083,785.8993288590603,23600.369565217392,1034.3793103448277,15.1,84.8,40.63,0.3,2.05,0,0,0,0,0
371,4.3506,13.72,203.0,203.0,4.0018,281.3953488372093,1804.842105263158,51.83908045977012,18.6,92.4,50.9,0.67,2.22,0,0,0,0,0
1020,3.3742,14.52,202.83,177.0,3.3905,75.34246575342466,8182.0,127.50243902439024,8.4,96.9,61.11,0.88,1.64,0,0,0,0,0
414,3.2757,87.16,49.75,97.0,3.8488,1605.46875,9667.444444444443,124.89380530973452,15.7,94.0,45.52,1.2,1.27,0,0,0,0,0
549,1.8581,63.24,260.25,294.0,3.0906,546.0869565217391,9029.776119402984,1653.2416666666666,19.6,86.7,39.82,0.38,2.77,0,0,0,0,0
409,4.0114,61.31,249.42,245.0,4.2274,3616.6666666666665,10632.833333333334,668.0972222222222,18.1,83.3,22.44,0.25,2.71,0,0,0,0,0
400,1.932,89.42,341.5,340.0,2.2952,,3805.0,326.0869565217391,15.2,82.3,38.58,0.5,2.13,0,0,0,0,0
936,3.472,30.0,51.6,32.0,3.1521,243519.6601941748,13248.478260869566,182.13274336283183,16.8,91.4,52.21,0.38,1.69,0,0,0,0,0
24,2.5154,24.88,202.83,156.0,2.8642,640.952380952381,13334.90909090909,366.4890510948905,18.6,92.4,50.9,0.67,2.22,0,0,0,0,0
2,3.6891,23.46,279.83,309.0,3.75,21550.0,122468.5325670498,34467.49645390071,17.3,85.0,49.14,0.49,1.3,0,0,0,0,0
577,0.5374,96.77,359.17,377.0,2.312,18377.862595419847,29474.820276497696,4559.334862385321,,,,,,0,0,0,0,0
818,3.9693,39.14,137.0,113.0,4.2391,2853.651960784314,12316.42857142857,363.6923076923077,18.3,83.4,39.72,0.6,0.86,0,0,0,0,0
785,1.9763,84.56,399.2,349.0,2.7347,2007.066037735849,3573.181818181818,0.2989690721649484,15.1,84.8,40.63,0.3,2.05,0,0,0,0,0
1083,3.3961,32.37,137.0,171.0,3.1151,163.5,7212.243243243243,441.2153110047847,17.8,84.8,41.46,0.5,2.08,0,0,0,0,0
365,4.1149,9.18,281.43,240.0,3.5004,328.8759689922481,5568.117647058823,174.38834951456312,15.1,84.8,40.63,0.3,2.05,0,0,0,0,0
1011,4.7806,28.81,36.0,4.0,4.6638,5111.032608695652,41362.07894736842,13622.357142857143,11.8,93.3,38.82,0.33,0.94,0,0,0,0,0
815,2.747,81.25,70.0,35.0,3.4183,,3654.076923076923,178.6815286624204,11.8,93.3,38.82,0.33,0.94,0,0,0,0,0
338,2.0826,21.11,106.2,133.0,2.8907,1041.16,6765.307692307692,857.1336206896551,20.4,92.2,63.64,0.8,1.1,0,0,1,0,0
709,2.0238,55.56,137.0,160.0,3.0982,315.72327044025155,220051.8571428572,238.88659793814432,8.6,85.6,40.74,0.5,1.74,0,1,0,0,0
426,3.1471,75.0,49.75,68.0,2.3481,2626.5060240963853,200.0,0.4952380952380952,15.7,94.0,45.52,1.2,1.27,0,0,0,0,0
775,4.2086,50.77,93.75,43.0,3.7557,4530.140186915888,5203.5,13.85234899328859,16.8,91.4,52.21,0.38,1.69,0,0,0,0,0
317,3.8235,58.63,230.33,208.0,3.9687,1040.8108108108108,7168.0,0.6525821596244131,17.8,84.8,41.46,0.5,2.08,0,0,0,0,0
996,2.467,73.42,329.5,346.0,3.1522,1529.009009009009,6461.6,40.93076923076923,15.2,82.3,38.58,0.5,2.13,0,0,0,0,0
582,3.1809,7.35,257.67,253.0,2.9348,,21341.722222222223,424.88082901554407,18.6,92.4,50.9,0.67,2.22,0,0,0,0,0
184,3.6879,18.96,280.83,276.0,3.3917,2511.4754098360654,37618.74242424242,1920.7911111111111,15.1,84.8,40.63,0.3,2.05,0,0,0,0,0
953,3.7453,45.47,229.0,260.0,4.4907,18604.16425120773,64146.5117370892,11910.246666666666,15.7,94.0,45.52,1.2,1.27,0,0,0,0,0
443,3.3924,11.48,385.75,352.0,3.9896,504.054794520548,19828.13235294117,526.1565656565657,8.4,96.9,61.11,0.88,1.64,0,0,0,0,0
645,2.5054,36.25,277.0,248.0,2.8923,1099.055900621118,7226.440860215053,1207.2623762376238,16.8,91.4,52.21,0.38,1.69,0,0,0,0,0
910,2.7414,2.54,192.8,185.0,3.86,896.4788732394367,11711.84693877551,475.5,18.6,92.4,50.9,0.67,2.22,0,0,0,0,0
690,2.8707,35.0,195.67,122.0,3.1877,976.9230769230768,38002.37410071943,10488.75147928994,17.8,84.8,41.46,0.5,2.08,0,0,0,0,0
167,2.6318,79.27,57.4,50.0,3.3627,1575.0,5737.058823529412,535.7577092511013,18.6,92.4,50.9,0.67,2.22,0,0,0,0,0
80,3.9273,26.72,144.83,142.0,4.5771,499.09022556390977,5783.4,452.5885167464114,15.7,94.0,45.52,1.2,1.27,0,0,0,0,0
766,2.9943,28.07,356.29,358.0,4.0245,1428.571428571429,10515.302325581397,880.7311827956989,,,,0.75,0.7,0,0,0,0,0
727,,,,,,0.0,1761.0,0.0,17.8,84.8,41.46,0.5,2.08,0,0,0,0,0
730,3.951,46.15,281.0,49.0,4.2945,5094.736842105263,8251.363636363636,131.62325581395348,,,,0.67,1.74,0,0,0,0,0
572,3.5682,17.54,355.25,334.0,3.1167,120.29702970297028,3026.25,39.1015625,18.1,83.3,22.44,0.25,2.71,0,0,0,0,0
750,2.8933,68.13,63.75,69.0,3.3786,100.0,36356.92857142857,171.36601307189542,20.4,92.2,63.64,0.8,1.1,0,0,1,0,0
1171,3.9526,19.03,53.67,46.0,3.7452,2412.1559633027523,36819.51724137931,7698.118055555556,18.6,92.4,50.9,0.67,2.22,0,0,0,0,0
979,3.5866,32.41,195.25,154.0,3.96,5944.800904977376,30493.712328767124,3819.496503496504,26.3,51.0,32.28,0.22,2.29,0,0,0,0,0
832,4.1881,52.09,280.83,195.0,4.1832,23716.666666666668,43960.94594594595,313.92118226600985,19.6,86.7,39.82,0.38,2.77,0,0,0,0,0
294,4.5138,39.17,170.25,161.0,3.7147,6628.615384615385,6776.820224719101,1649.1379310344828,8.4,96.9,61.11,0.88,1.64,0,0,0,0,0
834,3.2755,47.55,299.67,113.0,2.5919,718.0,476.0,2.524822695035461,15.1,84.8,40.63,0.3,2.05,0,0,0,0,0
1148,2.7916,51.72,385.75,410.0,2.4428,1170.9375,7970.157894736842,252.61739130434785,17.3,85.0,49.14,0.49,1.3,0,0,0,0,0
232,3.8822,9.01,77.0,75.0,2.3726,1380.516431924883,65193.22580645161,1892.4014598540143,15.1,84.8,40.63,0.3,2.05,0,0,0,0,0
452,3.3298,57.5,219.6,152.0,2.9366,851.0,3193.68,86.94444444444444,8.4,96.9,61.11,0.88,1.64,0,0,0,0,0
1003,4.1252,8.43,290.6,342.0,3.3644,,12112.5,88.70967741935483,17.8,84.8,41.46,0.5,2.08,0,0,0,0,0
494,3.8136,8.11,290.6,192.0,2.7954,,8063.952380952381,1865.20245398773,18.2,97.1,46.49,0.75,2.46,0,0,0,0,0
191,3.147,47.28,183.33,134.0,4.1216,4066.6666666666665,38424.86266094421,23009.510869565216,15.1,84.8,40.63,0.3,2.05,0,0,0,0,0
106,3.7189,22.73,53.67,46.0,3.9984,4347826.0869565215,2881.25,113.6842105263158,15.2,82.3,38.58,0.5,2.13,0,0,0,0,0
355,2.7084,87.28,281.0,244.0,3.378,1339.0115606936415,36536.16666666666,4139.063157894737,16.8,91.4,52.21,0.38,1.69,0,0,0,0,0
320,3.9757,31.17,16.0,14.0,3.2178,397176.7392996109,15026.882352941177,266.08653846153845,20.4,92.2,63.64,0.8,1.1,0,0,1,0,0
664,2.8008,9.94,141.5,80.0,2.5543,550.0,154.0,0.0576923076923076,15.1,84.8,40.63,0.3,2.05,0,0,0,0,0
900,3.2699,37.85,49.75,97.0,4.1373,1833.664596273292,7348.851851851852,351.10837438423647,15.1,84.8,40.63,0.3,2.05,0,0,0,0,0
1113,3.4909,62.45,352.5,320.0,3.6997,3969.617224880383,3056.4,253.7074829931973,19.6,86.7,39.82,0.38,2.77,0,0,0,0,0
898,3.2427,48.3,250.12,254.0,3.1147,1016.9285714285714,165797.87096774194,101.38709677419357,18.6,92.4,50.9,0.67,2.22,0,0,0,0,0
8,3.3547,28.79,193.2,180.0,3.13,6104.586956521739,13195.636363636364,6.525316455696203,15.1,84.8,40.63,0.3,2.05,0,0,0,0,0
1155,4.1185,14.55,392.0,362.0,4.2132,1744.06015037594,9444.866666666669,865.10407239819,20.4,92.2,63.64,0.8,1.1,0,0,1,0,0
789,0.2557,89.84,239.4,169.0,0.7062,98255.86821705426,3302.25,6.425742574257426,16.8,91.4,52.21,0.38,1.69,0,0,0,0,0
299,1.7953,88.71,178.0,193.0,3.4232,,12640.0,207.8947368421053,17.8,84.8,41.46,0.5,2.08,0,0,0,0,0
1118,3.1202,30.25,178.0,131.0,3.5909,,336.85714285714283,0.3,8.4,96.9,61.11,0.88,1.64,0,0,0,0,0
213,3.2844,10.48,230.33,208.0,3.8824,350.80645161290323,8979.1484375,357.2342857142857,18.6,92.4,50.9,0.67,2.22,0,0,0,0,0
457,2.1047,82.22,249.42,83.0,3.3365,1313.7954545454545,7087.533333333334,272.85643564356434,15.1,84.8,40.63,0.3,2.05,0,0,0,0,0
32,3.8371,19.74,178.0,75.0,3.4048,1313.3333333333333,40695.1875,19590.62626262626,8.4,96.9,61.11,0.88,1.64,0,0,0,0,0
172,3.4341,18.75,141.5,168.0,3.729,1288.1757575757576,17399.296296296296,505.752688172043,17.8,84.8,41.46,0.5,2.08,0,0,0,0,0
631,2.4887,31.13,352.5,281.0,2.9004,1.8115942028985508,4412.041237113402,668.361963190184,13.1,93.2,39.66,0.5,1.37,0,0,0,0,0
208,3.6149,18.1,63.75,104.0,3.5744,125.33632286995515,13888.0,550.2,18.3,83.4,39.72,0.6,0.86,0,0,0,0,0
222,2.9266,25.61,183.33,134.0,3.0188,332.962962962963,178466.73170731709,2381.35960591133,8.4,96.9,61.11,0.88,1.64,0,0,0,0,0
1175,,,,,,,231.45454545454547,0.0,18.6,92.4,50.9,0.67,2.22,0,0,0,0,0
602,2.5501,68.29,280.83,195.0,2.8461,2426.923076923077,3912.946808510638,718.450495049505,15.1,84.8,40.63,0.3,2.05,0,0,0,0,0
1098,3.3912,81.48,356.29,267.0,3.199,66.91176470588235,7431.727272727273,2.483018867924528,8.4,96.9,61.11,0.88,1.64,0,0,0,0,0
281,4.1421,5.38,229.0,198.0,4.0052,22.857142857142858,13166.666666666666,0.0,,,,0.67,1.74,0,0,0,0,0
135,2.7041,72.92,144.83,123.0,2.6466,1776.767676767677,15092.285714285714,47.4873417721519,15.1,84.8,40.63,0.3,2.05,0,0,0,0,0
1116,3.7146,42.71,178.0,193.0,3.6347,304.8768472906404,368.5,0.7737226277372263,17.8,84.8,41.46,0.5,2.08,0,0,0,0,0
598,3.2492,76.79,356.29,267.0,3.8807,323.6328125,144856.88235294115,7400.071428571428,19.6,86.7,39.82,0.38,2.77,0,0,0,0,0
324,3.65,76.92,229.0,260.0,2.748,976.7045454545456,23180.804347826088,513.8110599078341,13.1,93.2,39.66,0.5,1.37,0,0,0,0,0
229,,,,,,0.0,13941.4375,0.0,18.6,92.4,50.9,0.67,2.22,0,0,0,0,0
180,,,,,,0.0,2773.0652173913045,0.0,18.6,92.4,50.9,0.67,2.22,0,0,0,0,0
509,2.9767,81.74,280.83,69.0,4.0154,,45855.65,650.1345029239766,18.3,83.4,39.72,0.6,0.86,0,0,0,0,0
459,3.4403,41.46,8.5,133.0,3.2628,576.950354609929,76.0,0.3111111111111111,16.8,91.4,52.21,0.38,1.69,0,0,0,0,0
69,2.6759,79.8,280.83,276.0,3.5052,4714.3493150684935,42876.64383561644,1280.0666666666666,15.1,84.8,40.63,0.3,2.05,0,0,0,0,0
683,,,,,,0.0,15216.6,0.0,8.4,96.9,61.11,0.88,1.64,0,0,0,0,0
514,2.6634,92.31,107.6,62.0,3.3002,66.98113207547169,5131.857142857143,372.55555555555554,18.6,92.4,50.9,0.67,2.22,0,0,0,0,0
407,1.2618,87.5,219.6,278.0,2.4639,1730874.4897959183,32458.25925925926,321.3497536945813,8.4,96.9,61.11,0.88,1.64,0,0,0,0,0
630,3.9877,64.68,133.25,78.0,5.2077,72.46835443037975,38615.86363636364,904.5922330097088,18.2,97.1,46.49,0.75,2.46,0,0,0,0,0
997,4.3835,22.11,51.6,65.0,3.7957,7939453.103174604,28856.18918918919,3608.6936936936936,16.8,91.4,52.21,0.38,1.69,0,0,0,0,0
938,3.8744,3.96,250.12,431.0,3.6263,1003.9215686274508,5695.555555555556,1412.408163265306,20.4,92.2,63.64,0.8,1.1,0,0,1,0,0
124,3.1863,37.92,421.46,432.0,2.8027,3443.3979057591623,3099.684210526316,148.875,20.4,92.2,63.64,0.8,1.1,0,0,1,0,0
346,2.1005,30.0,49.75,19.0,2.3243,179.47761194029852,37000.84905660377,3707.311224489796,18.6,92.4,50.9,0.67,2.22,0,0,0,0,0
916,2.0595,36.84,356.29,356.0,2.0793,2808313.824884793,3958.857142857143,204.91724137931035,8.3,91.3,46.53,0.75,1.38,0,0,0,1,0
753,1.5165,27.03,392.0,398.0,2.6986,5.555555555555555,3520.0,151.0989010989011,16.8,91.4,52.21,0.38,1.69,0,0,0,0,0
977,2.2794,18.46,28.5,77.0,2.9786,67.07317073170732,0.0,0.0135135135135135,15.1,84.8,40.63,0.3,2.05,0,0,0,0,0
376,3.8206,3.25,106.2,8.0,3.7445,496.3205128205128,2186.764705882353,79.76984126984127,15.1,84.8,40.63,0.3,2.05,0,0,0,0,0
519,3.3487,88.04,70.4,89.0,3.7214,4831.740384615385,34839.354838709674,1192.7136363636364,17.8,84.8,41.46,0.5,2.08,0,0,0,0,0
1205,3.3354,61.02,112.4,104.0,3.7509,1906.470588235294,5588.285714285715,12.891666666666667,20.4,92.2,63.64,0.8,1.1,0,0,1,0,0
538,3.2216,62.26,51.6,65.0,3.035,2880.6962025316457,13562.315789473683,779.6237623762377,19.6,86.7,39.82,0.38,2.77,0,0,0,0,0
621,2.839,7.61,299.67,343.0,2.694,9.146341463414634,1976.6666666666667,51.60775862068966,20.4,92.2,63.64,0.8,1.1,0,0,1,0,0
428,4.0145,24.33,361.67,382.0,3.2518,1125.5963855421687,29219.93548387097,71.72105263157894,11.8,93.3,38.82,0.33,0.94,0,0,0,0,0
1126,3.5645,49.6,418.25,431.0,3.5833,214.28571428571428,30876.044943820223,3363.913875598086,,,,0.75,0.7,0,0,0,0,0
248,3.8067,15.38,290.33,269.0,3.4088,2775.4054054054054,4768.645161290323,178.3542857142857,18.6,92.4,50.9,0.67,2.22,0,0,0,0,0
783,2.7966,66.67,77.6,66.0,3.0919,5757.317073170731,7696.217391304348,132.89072847682118,19.6,86.7,39.82,0.38,2.77,0,0,0,0,0
429,,,,,,0.0,1779.8333333333333,0.0,18.6,92.4,50.9,0.67,2.22,0,0,0,0,0
1196,3.2137,50.0,73.33,47.0,2.9555,2019.4174757281555,53.0,0.0471698113207547,20.4,92.2,63.64,0.8,1.1,0,0,1,0,0
170,3.9946,44.51,237.5,302.0,3.5852,8559.302325581395,46862.87804878049,1551.775147928994,15.7,94.0,45.52,1.2,1.27,0,0,0,0,0
382,2.6312,10.45,22.0,23.0,3.0993,3852.8,9834.217391304348,544.2471264367816,18.6,92.4,50.9,0.67,2.22,0,0,0,0,0
433,4.2317,17.93,260.25,294.0,3.4011,3304.6052631578946,32771.545454545456,5929.0,8.4,96.9,61.11,0.88,1.64,0,0,0,0,0
163,,,,,,0.0,428.6,0.0,15.1,84.8,40.63,0.3,2.05,0,0,0,0,0
1028,3.5142,79.23,277.0,248.0,4.0619,2165.776699029126,85530.8375,1120.809523809524,8.4,96.9,61.11,0.88,1.64,0,0,0,0,0
568,3.4763,59.04,392.0,403.0,3.1973,116.33653846153848,7491.0,0.0,18.2,97.1,46.49,0.75,2.46,0,0,0,0,0
503,4.3189,70.13,237.5,324.0,4.2608,209.70760233918128,3576.6666666666665,121.48351648351648,19.4,70.0,33.42,0.33,1.53,0,0,0,0,1
958,1.8498,82.41,77.0,86.0,2.7282,93.125,12722.0,573.2083333333334,19.4,70.0,33.42,0.33,1.53,0,0,0,0,1
939,1.737,89.58,170.25,212.0,2.7876,1369.0677966101696,356.5,0.9669421487603306,15.1,84.8,40.63,0.3,2.05,0,0,0,0,0
942,1.5259,26.05,202.67,402.0,2.7667,303.2,9563.0,362.7252252252253,15.7,94.0,45.52,1.2,1.27,0,0,0,0,0
1030,4.183,40.55,250.12,270.0,4.4559,85325.95092024539,140775.03225806452,1610.124378109453,8.6,85.6,40.74,0.5,1.74,0,1,0,0,0
973,2.6965,8.7,237.5,197.0,1.8588,15.789473684210526,,0.0,11.8,93.3,38.82,0.33,0.94,0,0,0,0,0
790,2.6424,47.83,219.6,278.0,2.8129,1781.9905213270142,7650.0,0.8285714285714286,15.2,82.3,38.58,0.5,2.13,0,0,0,0,0
22,3.6639,41.24,52.67,70.0,4.0331,121.59763313609469,6020.545454545455,103.80829015544042,15.2,82.3,38.58,0.5,2.13,0,0,0,0,0
412,2.9994,77.63,260.25,294.0,3.1259,3660.204081632653,2575.8571428571427,39.11981566820276,15.1,84.8,40.63,0.3,2.05,0,0,0,0,0
1015,3.5717,90.84,72.14,36.0,4.2375,1921.875,20491.34523809524,384.6884422110553,16.8,91.4,52.21,0.38,1.69,0,0,0,0,0
462,4.0721,23.95,53.67,46.0,2.7986,2177.777777777778,4496.4,144.12396694214877,17.3,85.0,49.14,0.49,1.3,0,0,0,0,0
373,3.2795,42.68,229.0,198.0,2.6981,216.21621621621625,34214.57142857143,1796.41,15.7,94.0,45.52,1.2,1.27,0,0,0,0,0
565,2.5313,96.88,385.75,410.0,3.5379,,8263.933333333332,161.06299212598427,15.2,82.3,38.58,0.5,2.13,0,0,0,0,0
890,4.3259,27.29,89.75,247.0,3.8844,,16461.363636363636,3197.9166666666665,17.8,84.8,41.46,0.5,2.08,0,0,0,0,0
1027,3.8179,22.58,106.2,431.0,3.3677,9580.172413793103,28746.125,765.175572519084,18.3,83.4,39.72,0.6,0.86,0,0,0,0,0
364,3.9543,35.78,260.25,294.0,3.757,1747.2972972972973,3192.4210526315787,116.36842105263158,18.6,92.4,50.9,0.67,2.22,0,0,0,0,0
3,2.6256,71.57,195.25,154.0,2.7329,3891.489361702128,89.0,0.2809523809523809,15.1,84.8,40.63,0.3,2.05,0,0,0,0,0
370,2.1393,15.38,192.8,154.0,3.0884,51.35658914728682,2626.204081632653,140.02,15.1,84.8,40.63,0.3,2.05,0,0,0,0,0
791,2.3534,63.91,53.67,46.0,2.9427,3285.9756097560976,12162.235294117649,4.695340501792114,15.1,84.8,40.63,0.3,2.05,0,0,0,0,0
368,3.1426,21.36,5.0,7.0,3.7716,1006.25,111.33333333333331,0.7442922374429224,15.1,84.8,40.63,0.3,2.05,0,0,0,0,0
1052,2.7694,20.0,290.33,156.0,3.8566,18442.1875,10373.770114942528,371.0122950819672,18.6,92.4,50.9,0.67,2.22,0,0,0,0,0
424,,,,,,0.0,2642.1428571428573,0.0,17.8,84.8,41.46,0.5,2.08,0,0,0,0,0
1190,4.236,17.62,72.14,81.0,4.4078,1062.1025641025642,12867.704861111111,2558.860465116279,,,,0.5,1.58,0,0,0,0,0
77,3.2496,85.19,51.6,32.0,2.8678,263.36633663366337,5823.190476190476,131.97321428571428,16.8,91.4,52.21,0.38,1.69,0,0,0,0,0
29,2.3626,62.5,72.14,81.0,2.4458,,8223.392156862745,253.33838383838383,17.8,84.8,41.46,0.5,2.08,0,0,0,0,0
240,2.899,56.25,381.0,375.0,2.9435,10.071942446043163,1101.2857142857142,17.25,17.8,84.8,41.46,0.5,2.08,0,0,0,0,0
885,4.4923,17.09,239.0,192.0,4.2593,2749.297674418605,14655.0,83.00819672131148,15.1,84.8,40.63,0.3,2.05,0,0,0,0,0
481,,,,,,0.0,901.0,0.0,16.8,91.4,52.21,0.38,1.69,0,0,0,0,0
56,4.1315,49.64,96.25,112.0,3.6107,2588123.7394957985,43350.49206349206,712.9911504424779,19.6,86.7,39.82,0.38,2.77,0,0,0,0,0
54,1.847,77.91,192.8,249.0,3.634,123.6725663716814,150.5,0.9245283018867924,19.4,70.0,33.42,0.33,1.53,0,0,0,0,1
477,3.0559,61.8,202.83,196.0,3.3232,4959.101265822785,21802.25,1023.435,18.1,83.3,22.44,0.25,2.71,0,0,0,0,0
930,3.0815,93.46,229.0,260.0,3.3221,83.984375,2033.142857142857,3.315217391304348,18.1,83.3,22.44,0.25,2.71,0,0,0,0,0
721,4.2906,12.88,392.0,362.0,3.7067,1924.2937853107344,2208.7894736842104,140.92899408284023,8.4,96.9,61.11,0.88,1.64,0,0,0,0,0
112,3.2745,31.33,229.0,260.0,3.291,109.03225806451611,61005.60810810811,2455.48717948718,20.4,92.2,63.64,0.8,1.1,0,0,1,0,0
894,3.4375,16.72,356.29,379.0,3.9695,3198.159509202454,29526.755555555555,6951.663316582914,15.2,82.3,38.58,0.5,2.13,0,0,0,0,0
632,3.5184,23.65,141.5,168.0,3.5534,5039.235602094241,15170.547619047618,11324.042735042734,19.6,86.7,39.82,0.38,2.77,0,0,0,0,0
1194,3.2991,25.59,290.6,192.0,3.3243,917.2535211267606,38240.91666666666,33.85164835164835,15.1,84.8,40.63,0.3,2.05,0,0,0,0,0
1176,3.612,19.89,202.67,211.0,3.5053,335747.5287958115,175.66666666666666,1.896551724137931,18.6,92.4,50.9,0.67,2.22,0,0,0,0,0
1166,2.9464,29.41,133.25,125.0,3.7207,3969.3370165745855,12176.185185185184,1587.7666666666669,8.4,96.9,61.11,0.88,1.64,0,0,0,0,0
498,3.6325,40.8,249.42,245.0,4.2262,4136.376923076923,7095.694444444444,507.197247706422,8.4,96.9,61.11,0.88,1.64,0,0,0,0,0
880,3.154,69.61,255.57,241.0,2.7627,5022.122302158274,16216.176470588236,295.28729281767954,15.1,84.8,40.63,0.3,2.05,0,0,0,0,0
10,3.7621,17.5,73.33,47.0,3.9221,1783.0357142857142,9535.934426229507,975.935,16.8,91.4,52.21,0.38,1.69,0,0,0,0,0
688,4.0386,23.43,255.57,243.0,4.3507,188.42105263157896,7506.181818181818,636.5895953757225,20.4,92.2,63.64,0.8,1.1,0,0,1,0,0
1128,3.7346,11.36,96.25,84.0,3.3731,12086.206896551725,4779.166666666667,0.0,18.6,92.4,50.9,0.67,2.22,0,0,0,0,0
73,3.9476,30.88,260.25,322.0,3.6586,2715.172413793104,42367.1835443038,3805.115740740741,17.8,84.8,41.46,0.5,2.08,0,0,0,0,0
238,2.5085,62.0,51.6,32.0,3.2666,4702.525252525253,16177.083333333334,391.2131147540984,19.6,86.7,39.82,0.38,2.77,0,0,0,0,0
530,4.7144,9.41,356.29,406.0,4.5721,5659.466019417476,13211.69465648855,3519.949367088608,,,,0.67,1.74,0,0,0,0,0
490,2.4275,37.99,399.2,439.0,3.1584,766.0752688172043,1917.8235294117649,122.62275449101796,15.1,84.8,40.63,0.3,2.05,0,0,0,0,0
344,,,,,,0.0,2536.85,0.0,16.8,91.4,52.21,0.38,1.69,0,0,0,0,0
877,3.3547,34.19,356.29,358.0,3.5061,218.3783783783784,10573.24,404.5193798449613,15.1,84.8,40.63,0.3,2.05,0,0,0,0,0
661,3.9594,9.28,63.75,39.0,3.8651,,258890.4680851064,4783.236994219653,17.3,85.0,49.14,0.49,1.3,0,0,0,0,0
882,2.8901,84.47,329.5,329.0,2.7035,1732.935,12300.724867724868,2582.859756097561,8.4,96.9,61.11,0.88,1.64,0,0,0,0,0
540,3.6465,46.56,112.4,104.0,3.9436,46089.908256880735,6022.142857142857,459.6478873239437,,,,0.67,1.74,0,0,0,0,0
384,3.4966,36.74,239.0,79.0,3.2024,1733.6065573770493,10924.708333333334,599.6818181818181,15.1,84.8,40.63,0.3,2.05,0,0,0,0,0
628,4.042,48.28,178.0,127.0,3.9181,4707.723756906077,4310.538461538462,56.978142076502735,19.6,86.7,39.82,0.38,2.77,0,0,0,0,0
192,,,,,,0.0,14861.375,0.0,20.4,92.2,63.64,0.8,1.1,0,0,1,0,0
375,3.0694,71.11,329.5,197.0,3.713,1530.46875,6642.307692307692,149.0,20.4,92.2,63.64,0.8,1.1,0,0,1,0,0
366,4.1612,18.72,249.42,83.0,3.6447,204.63917525773195,12483.444444444443,194.98742138364776,18.6,92.4,50.9,0.67,2.22,0,0,0,0,0
1208,3.2757,42.39,72.14,81.0,3.5266,3534.3714285714286,30188.77966101695,674.31843575419,8.4,96.9,61.11,0.88,1.64,0,0,0,0,0
674,2.7882,33.33,195.67,122.0,2.9051,2057.684210526316,86886.55357142857,2500.801801801802,19.6,86.7,39.82,0.38,2.77,0,0,0,0,0
557,3.4851,9.64,307.5,291.0,4.1537,1865.8064516129032,207034.73504273503,5599.623036649215,18.6,92.4,50.9,0.67,2.22,0,0,0,0,0
19,3.0124,68.13,356.29,356.0,3.1228,3601.526066350711,4607.913793103448,1321.0149253731342,26.3,51.0,32.28,0.22,2.29,0,0,0,0,0
201,3.0664,26.97,49.75,193.0,3.782,1696.7948717948718,32536.02325581396,5.992063492063492,15.1,84.8,40.63,0.3,2.05,0,0,0,0,0
669,3.4189,52.69,141.5,80.0,3.5408,0.0,68257.65789473684,2076.438596491228,15.1,84.8,40.63,0.3,2.05,0,0,0,0,0
159,2.6836,34.07,230.33,208.0,3.2305,7661.055555555556,37374.76,370.6975308641975,8.3,91.3,46.53,0.75,1.38,0,0,0,1,0
507,2.2897,10.04,193.2,180.0,2.3425,1308.6342592592594,16796.909090909092,928.3805970149252,8.4,96.9,61.11,0.88,1.64,0,0,0,0,0
994,3.8123,52.38,229.0,198.0,2.8561,11.11111111111111,25468.33333333333,291.2718446601942,,,,0.67,0.56,0,0,0,0,0
1000,3.4319,49.58,192.8,72.0,3.3627,112.23021582733811,21317.903846153848,1165.1666666666667,18.3,83.4,39.72,0.6,0.86,0,0,0,0,0
271,3.6206,24.5,106.2,45.0,3.0034,71.75,200.0,0.0888888888888888,18.6,92.4,50.9,0.67,2.22,0,0,0,0,0
768,4.1624,8.25,51.6,179.0,3.9766,459.47712418300654,13977.470588235294,245.80392156862743,17.8,84.8,41.46,0.5,2.08,0,0,0,0,0
711,4.8664,4.78,51.6,214.0,3.7124,0.3184713375796178,9306.03846153846,3.4615384615384617,17.8,84.8,41.46,0.5,2.08,0,0,0,0,0
11,2.6524,68.42,230.33,231.0,3.3735,1451.942528735632,3476.125,313.49333333333334,17.8,84.8,41.46,0.5,2.08,0,0,0,0,0
436,3.995,34.89,260.25,294.0,3.4309,6155.742222222222,6452.653846153846,805.2279411764706,17.3,85.0,49.14,0.49,1.3,0,0,0,0,0
275,2.353,11.72,52.67,44.0,4.0835,0.0,7869.333333333333,0.1382978723404255,15.1,84.8,40.63,0.3,2.05,0,0,0,0,0
101,2.4478,78.95,281.43,257.0,3.3231,370.9580838323353,26369.539792387543,2979.2654320987654,18.3,83.4,39.72,0.6,0.86,0,0,0,0,0
773,,,,,,0.0,105820.0,0.0,17.8,84.8,41.46,0.5,2.08,0,0,0,0,0
1008,3.2208,32.7,290.33,269.0,3.9534,,57744.35555555556,1147.6144578313254,15.1,84.8,40.63,0.3,2.05,0,0,0,0,0
221,3.1211,37.9,22.0,342.0,3.3492,364.75,4649.863636363636,552.1204819277109,17.8,84.8,41.46,0.5,2.08,0,0,0,0,0
339,2.4867,73.68,239.0,79.0,1.9541,168.10344827586206,139.25,66.25,18.1,83.3,22.44,0.25,2.71,0,0,0,0,0
316,3.8555,7.87,96.25,64.0,3.562,1345.408163265306,9762.630434782608,1148.5530726256984,17.8,84.8,41.46,0.5,2.08,0,0,0,0,0
986,3.3587,58.62,107.6,101.0,3.1754,1551.6129032258063,5608.655737704919,1319.25,8.4,96.9,61.11,0.88,1.64,0,0,0,0,0
771,4.4316,37.26,277.0,248.0,4.8576,427.35042735042737,10029.083333333334,110.83516483516485,18.6,92.4,50.9,0.67,2.22,0,0,0,0,0
761,3.7048,53.68,392.0,375.0,3.4124,333.5483870967742,7699.843137254902,1686.7005076142132,15.7,94.0,45.52,1.2,1.27,0,0,0,0,0
1094,3.4996,56.02,102.33,335.0,3.5969,1799.175824175824,9226.151515151516,722.6387096774193,15.1,84.8,40.63,0.3,2.05,0,0,0,0,0
94,,,,,,0.0,13.0,0.0,15.1,84.8,40.63,0.3,2.05,0,0,0,0,0
1178,3.6899,21.31,193.2,180.0,2.9861,21255.422885572138,7525.0,17.583333333333332,8.4,96.9,61.11,0.88,1.64,0,0,0,0,0
686,2.9507,71.91,329.5,313.0,3.1946,1262.8491620111731,1069.7777777777778,46.87741935483871,17.8,84.8,41.46,0.5,2.08,0,0,0,0,0
439,3.8876,21.16,20.5,40.0,3.6401,235.1851851851852,7600.806451612903,649.5384615384615,15.1,84.8,40.63,0.3,2.05,0,0,0,0,0
86,3.0182,44.87,239.0,282.0,3.1879,291.3333333333333,44726.333333333336,0.2090395480225988,17.8,84.8,41.46,0.5,2.08,0,0,0,0,0
545,3.0991,68.75,250.12,270.0,3.7853,203.97727272727272,2716.483870967742,102.56,20.4,92.2,63.64,0.8,1.1,0,0,1,0,0
423,3.2472,7.14,250.12,233.0,1.0397,5792.12962962963,11976.8,131.64885496183206,8.4,96.9,61.11,0.88,1.64,0,0,0,0,0
396,2.9748,85.29,57.4,50.0,3.5048,,,0.0,11.8,93.3,38.82,0.33,0.94,0,0,0,0,0
937,3.6642,19.91,106.2,45.0,2.3962,884.3668341708543,3991.714285714286,210.609756097561,15.1,84.8,40.63,0.3,2.05,0,0,0,0,0
881,3.3413,15.29,178.0,178.0,3.6743,0.0,22240.277777777777,2358.614864864865,15.2,82.3,38.58,0.5,2.13,0,0,0,0,0
305,3.5704,24.14,106.2,45.0,3.8882,2888.8596491228072,42697.67532467532,2514.78021978022,19.6,86.7,39.82,0.38,2.77,0,0,0,0,0
992,2.8509,57.24,280.83,195.0,2.8825,455.06293706293707,3724.36,208.064,17.8,84.8,41.46,0.5,2.08,0,0,0,0,0
203,3.7203,12.11,72.14,105.0,2.7802,1685.7558139534883,12060.91489361702,529.7007299270073,15.1,84.8,40.63,0.3,2.05,0,0,0,0,0
43,3.8203,25.93,352.5,428.0,3.6127,796.195652173913,20675.52,391.075,15.1,84.8,40.63,0.3,2.05,0,0,0,0,0
896,3.5325,33.52,53.67,25.0,3.5298,1426.3513513513512,27392.15,98.512077294686,20.4,92.2,63.64,0.8,1.1,0,0,1,0,0
343,3.6271,12.09,352.5,267.0,4.3419,4946.09375,3417.4,0.5780141843971631,11.8,93.3,38.82,0.33,0.94,0,0,0,0,0
1145,3.9177,34.46,352.5,281.0,3.779,3732.246636771301,56186.91095890411,4267.2,15.1,84.8,40.63,0.3,2.05,0,0,0,0,0
1117,2.1033,47.37,70.0,35.0,2.2585,1251.2820512820513,281.0,0.6467065868263473,18.6,92.4,50.9,0.67,2.22,0,0,0,0,0
482,4.2888,33.88,63.75,69.0,4.2472,3593.526570048309,3559.428571428572,138.2910447761194,8.4,96.9,61.11,0.88,1.64,0,0,0,0,0
1209,3.6667,16.07,170.25,212.0,2.1965,2971.0843373493976,55138.634146341465,5748.373417721519,8.4,96.9,61.11,0.88,1.64,0,0,0,0,0
1159,3.6098,60.63,356.29,414.0,3.8342,839.568345323741,9854.38596491228,533.9276018099547,20.4,92.2,63.64,0.8,1.1,0,0,1,0,0
809,3.8448,17.78,203.0,132.0,3.904,161.9718309859155,3476.315789473684,9.585714285714284,18.6,92.4,50.9,0.67,2.22,0,0,0,0,0
901,3.4907,46.67,392.0,397.0,0.0,1425.0,25.0,0.0521739130434782,8.6,85.6,40.74,0.5,1.74,0,1,0,0,0
603,3.3567,6.63,52.67,44.0,3.1358,1084.2448979591836,21564.676470588234,777.3904761904762,15.1,84.8,40.63,0.3,2.05,0,0,0,0,0
237,4.1947,25.99,352.5,281.0,4.2625,1345.8727272727272,4841.0123456790125,842.6944444444445,15.7,94.0,45.52,1.2,1.27,0,0,0,0,0
198,2.3463,17.39,219.6,278.0,3.1893,1237.2340425531916,7335.90625,391.936507936508,18.3,83.4,39.72,0.6,0.86,0,0,0,0,0
636,2.7186,70.46,170.25,161.0,3.075,1082.8877005347597,16344.081967213117,580.282208588957,11.8,93.3,38.82,0.33,0.94,0,0,0,0,0
497,3.7677,22.84,392.0,397.0,3.5269,185.05747126436785,4182.571428571428,0.3391304347826087,15.1,84.8,40.63,0.3,2.05,0,0,0,0,0
430,3.0868,53.33,356.29,388.0,2.9541,1179.295154185022,361.0,0.2403100775193798,8.3,91.3,46.53,0.75,1.38,0,0,0,1,0
764,3.6253,42.39,202.83,156.0,3.8411,524.2021276595744,55899.082278481015,13629.759036144578,18.6,92.4,50.9,0.67,2.22,0,0,0,0,0
495,3.2675,15.16,169.25,121.0,3.5737,1962.2047244094488,12570.33116883117,2450.5367647058824,18.6,92.4,50.9,0.67,2.22,0,0,0,0,0
464,1.7991,86.7,51.6,65.0,3.0768,,18837.5,224.40944881889763,15.1,84.8,40.63,0.3,2.05,0,0,0,0,0
432,1.871,2.78,307.5,291.0,3.9614,,19632.352941176472,1023.7226277372264,8.6,85.6,40.74,0.5,1.74,0,1,0,0,0
1129,4.2967,11.99,230.33,208.0,4.0806,6962.032863849765,29175.037974683542,6575.63768115942,15.1,84.8,40.63,0.3,2.05,0,0,0,0,0
691,,,,,,0.0,2491.48,0.0,15.7,94.0,45.52,1.2,1.27,0,0,0,0,0
792,3.4579,8.02,381.0,180.0,3.728,1255.5263157894738,55689.32919254658,23872.430555555555,18.6,92.4,50.9,0.67,2.22,0,0,0,0,0
855,3.1986,40.16,202.83,177.0,3.4964,6219.2282157676345,4853.8536585365855,1291.9243697478992,15.1,84.8,40.63,0.3,2.05,0,0,0,0,0
615,4.7473,85.45,184.25,26.0,4.935,887.5,2657.230769230769,60.18279569892473,15.2,82.3,38.58,0.5,2.13,0,0,0,0,0
945,3.4268,16.39,51.6,65.0,3.7493,1993.0939226519336,39470.181818181816,1939.2032967032967,15.1,84.8,40.63,0.3,2.05,0,0,0,0,0
372,3.6795,67.74,392.0,433.0,4.4157,39.55555555555556,39636.08928571428,2273.309523809524,18.6,92.4,50.9,0.67,2.22,0,0,0,0,0
1144,,,,,,0.0,842.5,0.0,19.6,86.7,39.82,0.38,2.77,0,0,0,0,0
480,3.0273,62.5,178.0,179.0,4.017,578.5123966942149,8016.333333333333,418.79651162790697,,,,0.75,0.7,0,0,0,0,0
1032,3.3895,3.4,52.67,44.0,3.343,1.2195121951219512,29489.027027027027,1137.7411167512691,8.4,96.9,61.11,0.88,1.64,0,0,0,0,0
348,4.4528,45.15,329.5,313.0,3.7626,579.5,6045.705882352941,751.0275862068966,15.1,84.8,40.63,0.3,2.05,0,0,0,0,0
182,,,,,,0.0,6456.5,0.0,8.4,96.9,61.11,0.88,1.64,0,0,0,0,0
1062,3.6359,28.1,255.57,289.0,3.8112,1034.1148648648648,6543.5,372.6048780487805,18.6,92.4,50.9,0.67,2.22,0,0,0,0,0
987,3.9938,71.36,107.6,58.0,4.3299,3407.4074074074074,9559.433333333332,654.1272727272727,17.8,84.8,41.46,0.5,2.08,0,0,0,0,0
1038,2.5936,21.38,195.67,122.0,2.6228,2447.5,6607.923076923077,313.6313559322034,15.1,84.8,40.63,0.3,2.05,0,0,0,0,0
290,4.1768,28.49,169.25,119.0,3.7452,245.1764705882353,7572.37037037037,540.9542483660131,17.8,84.8,41.46,0.5,2.08,0,0,0,0,0
931,3.9131,10.42,219.6,228.0,3.6817,4150.349650349651,31890.12121212121,2178.216748768473,17.8,84.8,41.46,0.5,2.08,0,0,0,0,0
806,,,,,,,17145.970588235294,0.0,17.3,85.0,49.14,0.49,1.3,0,0,0,0,0
550,3.4766,76.61,341.5,353.0,3.6117,,6926.866666666667,98.29761904761904,18.6,92.4,50.9,0.67,2.22,0,0,0,0,0
1034,1.7431,91.15,192.8,116.0,3.0417,,3388.6,5.0886075949367084,,,,0.67,0.56,0,0,0,0,0
129,3.1171,11.39,281.0,244.0,3.5858,,15675.0,1682.375690607735,15.7,94.0,45.52,1.2,1.27,0,0,0,0,0
394,3.7295,78.83,137.0,131.0,3.6463,937.8125,10416.142857142857,63.10843373493976,18.3,83.4,39.72,0.6,0.86,0,0,0,0,0
126,3.5571,40.85,356.29,254.0,4.146,4133.841463414634,15522.111111111111,3014.44262295082,8.4,96.9,61.11,0.88,1.64,0,0,0,0,0
236,2.981,16.67,299.67,374.0,3.0469,70.42682926829268,2861.111111111112,40.0,15.2,82.3,38.58,0.5,2.13,0,0,0,0,0
1002,3.2747,72.88,250.12,233.0,3.6387,2401.5873015873017,16787.945945945947,1369.0819672131147,17.8,84.8,41.46,0.5,2.08,0,0,0,0,0
860,2.9256,52.73,57.4,42.0,3.2269,104.23076923076924,4811.1,121.41040462427746,8.4,96.9,61.11,0.88,1.64,0,0,0,0,0
1075,3.9626,14.83,93.75,147.0,3.0821,688.8111888111888,3646.0,169.7025641025641,18.6,92.4,50.9,0.67,2.22,0,0,0,0,0
1090,4.0198,50.0,106.2,76.0,4.5265,15298511.19402985,13796.5,765.0618556701031,18.1,83.3,22.44,0.25,2.71,0,0,0,0,0
166,2.2756,71.51,49.75,19.0,3.055,3837.5,14005.675324675323,707.6129032258065,19.6,86.7,39.82,0.38,2.77,0,0,0,0,0
1172,3.1178,25.0,195.67,122.0,2.6709,519.7769784172662,2122.333333333333,63.734375,18.6,92.4,50.9,0.67,2.22,0,0,0,0,0
26,2.9556,66.67,281.0,135.0,2.9028,,719.6923076923077,33.21686746987952,18.1,83.3,22.44,0.25,2.71,0,0,0,0,0
416,3.325,39.22,144.83,107.0,2.986,992.063492063492,2864.4814814814813,1241.1677852348994,8.4,96.9,61.11,0.88,1.64,0,0,0,0,0
1105,3.4387,26.63,281.0,159.0,2.9555,796.6367713004485,7614.666666666667,449.9776119402985,15.7,94.0,45.52,1.2,1.27,0,0,0,0,0
176,3.0496,31.76,250.12,270.0,3.0584,1601.8662420382166,13994.208333333334,1973.032258064516,18.6,92.4,50.9,0.67,2.22,0,0,0,0,0
496,3.3922,41.83,399.2,245.0,3.8599,2057.1428571428573,54433.0,178.5981308411215,15.7,94.0,45.52,1.2,1.27,0,0,0,0,0
788,4.3618,46.59,14.67,2.0,3.655,22217.624031007752,88762.53333333334,15800.028571428573,18.1,83.3,22.44,0.25,2.71,0,0,0,0,0
207,3.1737,52.5,341.5,353.0,3.6326,1331.1475409836066,4673.5,108.62702702702704,20.4,92.2,63.64,0.8,1.1,0,0,1,0,0
168,2.8768,24.87,281.0,278.0,3.762,1.7241379310344829,2558.96,71.47004608294931,15.7,94.0,45.52,1.2,1.27,0,0,0,0,0
256,3.2513,67.44,89.75,82.0,4.2154,5606.547619047619,5351.4,76.17676767676768,17.8,84.8,41.46,0.5,2.08,0,0,0,0,0
408,3.6752,20.11,280.83,196.0,3.1148,,9254.692307692309,390.5059760956176,15.7,94.0,45.52,1.2,1.27,0,0,0,0,0
93,2.9969,41.58,193.2,180.0,2.7819,138271.91780821918,4272.4,29.0,8.4,96.9,61.11,0.88,1.64,0,0,0,0,0
1016,,,,,,0.0,133369.57142857142,0.0,16.8,91.4,52.21,0.38,1.69,0,0,0,0,0
704,3.7132,19.89,77.0,75.0,3.5291,10627.393617021276,22095.5,860.7412587412588,15.1,84.8,40.63,0.3,2.05,0,0,0,0,0
899,3.539,47.84,72.14,105.0,3.1719,1981.25,6878.357142857143,477.2361111111111,17.8,84.8,41.46,0.5,2.08,0,0,0,0,0
398,3.0023,25.93,49.75,409.0,3.8403,119.86111111111111,1966.6666666666667,0.0656934306569343,18.1,83.3,22.44,0.25,2.71,0,0,0,0,0
233,3.2948,8.93,202.67,136.0,3.0605,723.6804733727811,7466.735294117647,945.2142857142856,18.6,92.4,50.9,0.67,2.22,0,0,0,0,0
58,4.3016,23.56,106.2,45.0,3.7907,408.7837837837838,31681.102272727272,2448.9142857142856,26.3,51.0,32.28,0.22,2.29,0,0,0,0,0
431,3.1729,73.62,112.4,104.0,2.9138,1455.8559322033898,6590.9375,146.97191011235955,11.8,93.3,38.82,0.33,0.94,0,0,0,0,0
989,4.2237,29.15,70.4,55.0,3.3964,10343.069306930693,25673.20833333333,5937.419580419581,18.6,92.4,50.9,0.67,2.22,0,0,0,0,0
1182,4.2594,13.23,202.83,249.0,4.2965,126.92307692307692,4152.2962962962965,408.0051282051282,15.1,84.8,40.63,0.3,2.05,0,0,0,0,0
799,3.6475,44.29,8.5,84.0,3.3972,354817.44680851063,196129.8571428572,4645.8877551020405,8.4,96.9,61.11,0.88,1.64,0,0,0,0,0
268,4.0796,30.36,385.75,410.0,4.3428,8.843537414965986,9768.90909090909,1876.1511627906973,8.3,91.3,46.53,0.75,1.38,0,0,0,1,0
218,3.7386,9.52,202.83,234.0,3.421,70.58823529411765,61.0,0.0697674418604651,8.4,96.9,61.11,0.88,1.64,0,0,0,0,0
397,3.8094,63.98,202.67,136.0,3.8698,94.18604651162792,1593.360465116279,1199.3072289156626,18.6,92.4,50.9,0.67,2.22,0,0,0,0,0
354,2.9634,53.93,213.0,235.0,3.4316,594.6702127659574,1550.0,54.95652173913044,15.1,84.8,40.63,0.3,2.05,0,0,0,0,0
1120,,,,,,,3917.3333333333335,0.0,19.6,86.7,39.82,0.38,2.77,0,0,0,0,0
177,4.5259,21.86,49.75,97.0,4.7818,21350.5,16498.774436090225,2402.1560283687945,19.6,86.7,39.82,0.38,2.77,0,0,0,0,0
553,2.1251,89.61,255.57,207.0,2.9272,906.4202334630352,11128.222222222224,930.0,8.4,96.9,61.11,0.88,1.64,0,0,0,0,0
336,2.6048,8.49,52.67,29.0,3.0008,1599.2785714285717,21735.103448275862,924.8282828282828,20.4,92.2,63.64,0.8,1.1,0,0,1,0,0
223,1.1367,77.69,176.0,138.0,1.901,51.19047619047619,0.0,0.0178571428571428,17.8,84.8,41.46,0.5,2.08,0,0,0,0,0
838,3.1012,85.67,170.25,161.0,2.9571,296.319018404908,10885.4375,1631.5549132947976,17.8,84.8,41.46,0.5,2.08,0,0,0,0,0
1078,1.6095,5.88,53.67,46.0,2.5812,228.2407407407408,279.5,0.524822695035461,19.4,70.0,33.42,0.33,1.53,0,0,0,0,1
800,4.3993,10.71,403.0,386.0,3.6407,0.0,172.66666666666666,0.2166666666666666,11.8,93.3,38.82,0.33,0.94,0,0,0,0,0
474,3.1053,77.38,170.25,158.0,2.8858,12926.344086021503,3332.7272727272725,13.412429378531073,17.3,85.0,49.14,0.49,1.3,0,0,0,0,0
1207,2.4973,28.44,72.14,163.0,2.8252,4675327.523364486,10892.32,0.7357142857142858,,,,0.5,1.58,0,0,0,0,0
65,2.6442,76.92,49.75,19.0,3.9834,21140.95238095238,11548.027397260274,417.9028571428572,19.4,70.0,33.42,0.33,1.53,0,0,0,0,1
527,2.7338,58.82,141.5,80.0,3.6551,237.9746835443038,21640.19672131148,1801.808823529412,19.6,86.7,39.82,0.38,2.77,0,0,0,0,0
1073,2.7096,4.51,77.0,86.0,2.7412,230.8823529411765,3950.529411764706,12.795811518324609,18.1,83.3,22.44,0.25,2.71,0,0,0,0,0
359,3.2833,57.34,70.0,126.0,3.1448,1225.2155172413793,8986.238095238095,650.2480620155038,20.4,92.2,63.64,0.8,1.1,0,0,1,0,0
454,1.6419,76.42,341.5,325.0,2.8327,3768.966666666666,13219.939393939394,869.010152284264,8.6,85.6,40.74,0.5,1.74,0,1,0,0,0
418,3.4042,59.68,250.12,254.0,3.6846,1068.7179487179487,13413.27049180328,3901.6807228915663,17.8,84.8,41.46,0.5,2.08,0,0,0,0,0
259,4.0639,11.88,144.83,142.0,4.0445,4003.8216560509554,60461.18382352941,3581.1930693069307,15.1,84.8,40.63,0.3,2.05,0,0,0,0,0
677,3.1556,32.01,141.5,80.0,2.8949,1547.9274611398964,13012.444444444443,1595.7125748502997,18.1,83.3,22.44,0.25,2.71,0,0,0,0,0
277,2.6824,5.36,219.6,278.0,2.7384,338.0,10376.272727272728,2.473684210526316,18.1,83.3,22.44,0.25,2.71,0,0,0,0,0
1100,4.4059,13.81,176.0,65.0,4.1367,1840.8450704225352,22173.983606557376,1730.0045454545457,15.1,84.8,40.63,0.3,2.05,0,0,0,0,0
16,3.8628,67.98,70.0,35.0,3.8451,12.857142857142858,33930.583333333336,149.33175355450237,19.6,86.7,39.82,0.38,2.77,0,0,0,0,0
99,2.9605,59.88,53.67,278.0,3.8437,698.1944444444445,7387.833333333333,660.0552147239264,18.6,92.4,50.9,0.67,2.22,0,0,0,0,0
197,2.9639,11.82,51.6,18.0,2.2776,140.85106382978722,7209.333333333333,332.1532258064516,17.8,84.8,41.46,0.5,2.08,0,0,0,0,0
363,2.5331,20.0,219.6,152.0,3.289,641.4529914529915,13243.296296296296,1731.735632183908,15.7,94.0,45.52,1.2,1.27,0,0,0,0,0
244,2.4093,57.14,72.14,105.0,2.3992,73.07692307692308,3729.444444444444,60.81932773109244,8.4,96.9,61.11,0.88,1.64,0,0,0,0,0
660,3.7676,25.59,356.29,267.0,3.635,6977.838323353293,15633.520547945203,138.2037037037037,18.6,92.4,50.9,0.67,2.22,0,0,0,0,0
292,3.7261,30.53,137.0,113.0,4.3263,,11943.2,260.078431372549,18.6,92.4,50.9,0.67,2.22,0,0,0,0,0
736,3.4588,69.44,178.0,193.0,3.901,660.0584415584416,1687.428571428571,50.205,8.3,91.3,46.53,0.75,1.38,0,0,0,1,0
380,4.3782,23.18,385.75,410.0,4.5864,625.5924170616114,8444.457142857143,509.5925925925926,15.1,84.8,40.63,0.3,2.05,0,0,0,0,0
1131,1.8637,9.52,219.6,278.0,3.6598,14.285714285714286,41911.9375,903.8225806451612,18.6,92.4,50.9,0.67,2.22,0,0,0,0,0
928,2.9962,22.86,36.0,48.0,3.714,657.070707070707,2096.5,2.2301587301587302,8.3,91.3,46.53,0.75,1.38,0,0,0,1,0
18,4.0462,64.06,57.4,88.0,4.3399,2185.294117647059,19009.165048543688,2829.9885714285715,18.1,83.3,22.44,0.25,2.71,0,0,0,0,0
1200,3.2287,50.0,355.25,358.0,3.4001,,10374.4,216.9353846153846,17.3,85.0,49.14,0.49,1.3,0,0,0,0,0
933,,,,,,0.0,304.0,0.0,15.1,84.8,40.63,0.3,2.05,0,0,0,0,0
258,3.2796,82.05,230.33,231.0,4.2126,10.638297872340424,27726.16,579.3969849246231,18.1,83.3,22.44,0.25,2.71,0,0,0,0,0
868,0.7761,95.24,237.5,197.0,3.1751,1193.939393939394,51221.53846153846,1094.35960591133,15.2,82.3,38.58,0.5,2.13,0,0,0,0,0
261,2.8772,40.98,49.75,68.0,3.4802,5192.355371900827,20768.77094972067,3314.9341563786006,17.8,84.8,41.46,0.5,2.08,0,0,0,0,0
707,3.9031,38.31,281.0,294.0,3.8574,5773.569832402235,64061.545454545456,2020.267759562841,17.3,85.0,49.14,0.49,1.3,0,0,0,0,0
907,2.6132,56.52,193.2,184.0,3.5715,1098.5981308411217,3755.0,120.94444444444444,19.6,86.7,39.82,0.38,2.77,0,0,0,0,0
82,,,,,,0.0,,0.0,18.3,83.4,39.72,0.6,0.86,0,0,0,0,0
242,2.5328,22.52,202.83,156.0,2.8202,,32163.33333333333,1601.0217391304348,20.4,92.2,63.64,0.8,1.1,0,0,1,0,0
438,2.0209,31.58,381.0,410.0,3.0283,2.6923076923076925,1808.428571428572,77.88387096774194,26.3,51.0,32.28,0.22,2.29,0,0,0,0,0
84,3.861,28.64,169.25,119.0,3.8318,11551.69540229885,9237.25,259.13793103448273,16.8,91.4,52.21,0.38,1.69,0,0,0,0,0
479,2.1777,8.5,229.0,260.0,2.735,1522.4120603015076,8518.458333333334,185.0205479452055,18.1,83.3,22.44,0.25,2.71,0,0,0,0,0
642,4.1307,74.5,51.6,26.0,3.8371,16258.333333333334,30880.514124293783,9369.357142857143,16.8,91.4,52.21,0.38,1.69,0,0,0,0,0
863,3.3505,39.42,307.5,291.0,3.9279,49047.619047619046,40.2,0.0294117647058823,11.8,93.3,38.82,0.33,0.94,0,0,0,0,0
1181,4.3418,24.49,255.57,243.0,3.5219,1628.8461538461538,11659.930348258706,4771.63829787234,16.8,91.4,52.21,0.38,1.69,0,0,0,0,0
870,3.3838,69.74,255.57,192.0,3.299,796.2745098039215,26369.634615384617,12.342857142857143,8.4,96.9,61.11,0.88,1.64,0,0,0,0,0
684,3.1998,9.84,153.25,118.0,3.6022,140.0,50.0,0.0072463768115942,17.8,84.8,41.46,0.5,2.08,0,0,0,0,0
1169,2.2538,59.06,195.67,153.0,2.9947,1253.1767955801106,3597.1666666666665,33.355421686746986,15.2,82.3,38.58,0.5,2.13,0,0,0,0,0
108,3.3358,23.48,202.83,177.0,3.7226,2844.5054945054944,5821.59375,224.57333333333327,15.7,94.0,45.52,1.2,1.27,0,0,0,0,0
1157,3.5573,33.69,106.2,110.0,3.4059,13700.0,11318.1,133.4556451612903,18.6,92.4,50.9,0.67,2.22,0,0,0,0,0
511,3.1132,33.74,229.0,260.0,2.9971,2.336448598130841,1463.5,1.823008849557522,8.6,85.6,40.74,0.5,1.74,0,1,0,0,0
888,2.8251,6.94,355.25,334.0,3.3789,1.0526315789473684,3044.3478260869565,189.9186602870813,20.4,92.2,63.64,0.8,1.1,0,0,1,0,0
813,4.4977,68.12,144.83,142.0,3.8264,1226.6935483870968,27738.865384615383,1568.1524390243903,11.8,93.3,38.82,0.33,0.94,0,0,0,0,0
356,,,,,,,8226.5,0.0,18.1,83.3,22.44,0.25,2.71,0,0,0,0,0
926,4.0591,13.12,193.2,134.0,3.8003,1276.975806451613,14102.604166666666,350.07916666666665,18.6,92.4,50.9,0.67,2.22,0,0,0,0,0
169,,,,,,0.0,1807.8,0.0,15.2,82.3,38.58,0.5,2.13,0,0,0,0,0
529,3.925,20.99,137.0,113.0,3.4984,12046.27450980392,38055.444444444445,1156.122641509434,15.2,82.3,38.58,0.5,2.13,0,0,0,0,0
526,3.1967,11.22,280.83,319.0,4.2344,434.8591549295775,7568.028169014085,1023.283185840708,18.6,92.4,50.9,0.67,2.22,0,0,0,0,0
741,4.3706,43.25,290.6,192.0,4.2682,643.3461538461538,8502.107843137255,2341.5069444444443,19.6,86.7,39.82,0.38,2.77,0,0,0,0,0
88,2.9274,32.37,229.0,260.0,2.9609,3879.8947368421054,48935.2994011976,6935.28488372093,18.6,92.4,50.9,0.67,2.22,0,0,0,0,0
925,3.1362,5.56,230.33,231.0,3.1794,2.5,8962.615384615385,441.88235294117646,18.6,92.4,50.9,0.67,2.22,0,0,0,0,0
502,3.779,47.37,239.0,79.0,3.9685,0.0,1633.1818181818182,0.1262626262626262,,,,0.75,0.7,0,0,0,0,0
763,3.1221,9.7,8.5,9.0,3.0386,1588.3152173913045,24411.369369369368,1141.6,17.3,85.0,49.14,0.49,1.3,0,0,0,0,0
1061,3.0663,43.18,16.0,14.0,3.2842,2106.35838150289,310944.7831325301,4614.278947368421,18.1,83.3,22.44,0.25,2.71,0,0,0,0,0
1076,3.0598,79.84,230.33,231.0,3.7482,348.17808219178085,11140.14606741573,1139.6,20.4,92.2,63.64,0.8,1.1,0,0,1,0,0
415,2.7226,32.31,281.43,45.0,2.7663,93.82673267326732,3709.375,347.6736842105263,20.4,92.2,63.64,0.8,1.1,0,0,1,0,0
831,3.5789,31.27,49.75,68.0,2.4712,2577.777777777778,15257.756097560976,830.2146118721461,17.8,84.8,41.46,0.5,2.08,0,0,0,0,0
505,,,,,,0.0,851.4761904761905,0.0,19.4,70.0,33.42,0.33,1.53,0,0,0,0,1
96,3.3274,14.29,51.6,65.0,3.6104,,22696.40625,2133.807511737089,19.6,81.0,63.16,1.0,1.43,1,0,0,0,0
199,2.3493,78.79,251.67,155.0,4.0833,152.52898550724638,11340.7868852459,68.93827160493827,8.4,96.9,61.11,0.88,1.64,0,0,0,0,0
1121,1.8911,20.0,381.0,382.0,2.4308,4011.023622047244,2353.75,2.552083333333333,8.3,91.3,46.53,0.75,1.38,0,0,0,1,0
1099,3.6184,54.43,106.2,45.0,4.535,,10385.60975609756,2675.8809523809523,16.8,91.4,52.21,0.38,1.69,0,0,0,0,0
67,4.1537,10.49,260.25,188.0,3.9377,9.523809523809524,2775.0,50.504464285714285,17.8,84.8,41.46,0.5,2.08,0,0,0,0,0
975,3.3576,24.6,290.33,269.0,3.3386,17819.134969325154,13585.336206896553,790.6169154228855,18.3,83.4,39.72,0.6,0.86,0,0,0,0,0
1079,3.1569,67.88,193.2,277.0,3.8044,,33143.73333333333,605.0241935483871,15.1,84.8,40.63,0.3,2.05,0,0,0,0,0
724,3.6887,24.41,281.0,231.0,4.4658,2545.310160427808,15434.84126984127,466.954802259887,,,,0.75,0.7,0,0,0,0,0
1041,3.6148,25.96,72.14,105.0,4.0319,45956.1797752809,4398.892857142857,309.5696721311475,15.1,84.8,40.63,0.3,2.05,0,0,0,0,0
361,3.0225,37.68,195.25,199.0,3.4796,1818.571428571429,13482.135135135137,981.2944162436548,20.4,92.2,63.64,0.8,1.1,0,0,1,0,0
440,3.6142,17.64,329.5,313.0,3.5747,17343.35907335907,66876.29126213593,14812.104761904762,15.7,94.0,45.52,1.2,1.27,0,0,0,0,0
504,3.0501,88.7,255.57,243.0,3.5876,,9584.48,286.0845771144279,,,,0.75,0.7,0,0,0,0,0
450,1.924,44.06,250.12,163.0,3.2435,267.96875,110.0,0.0881226053639846,8.4,96.9,61.11,0.88,1.64,0,0,0,0,0
403,4.4374,14.12,22.0,26.0,5.1358,1314.796052631579,210817.04545454544,48108.7461928934,17.3,85.0,49.14,0.49,1.3,0,0,0,0,0
1192,3.4166,19.42,230.33,231.0,3.5818,474.72972972972974,3665.0208333333335,263.3255813953488,18.6,92.4,50.9,0.67,2.22,0,0,0,0,0
421,2.9488,47.64,385.75,410.0,3.8371,702.7083333333334,6765.32,127.20666666666666,8.4,96.9,61.11,0.88,1.64,0,0,0,0,0
374,3.6103,61.54,230.33,208.0,2.6525,13293171.05263158,13992.897435897436,1133.6942148760331,18.2,97.1,46.49,0.75,2.46,0,0,0,0,0
619,3.3449,28.57,144.83,107.0,4.1415,813.6363636363636,6914.5,848.3216374269006,8.4,96.9,61.11,0.88,1.64,0,0,0,0,0
857,3.5002,5.49,341.5,353.0,3.2826,5001.4375,19947.71111111111,956.9183673469388,15.1,84.8,40.63,0.3,2.05,0,0,0,0,0
518,2.5036,66.67,230.33,231.0,3.006,625.974025974026,11116.666666666666,0.9770642201834864,15.1,84.8,40.63,0.3,2.05,0,0,0,0,0
97,4.8916,47.26,250.12,308.0,4.6085,2852.186813186813,8000.512195121952,573.065868263473,15.1,84.8,40.63,0.3,2.05,0,0,0,0,0
843,2.6548,2.93,202.67,211.0,2.8317,1733.7662337662337,7208.235294117647,351.2742857142857,11.8,93.3,38.82,0.33,0.94,0,0,0,0,0
720,2.611,20.78,72.14,105.0,3.2461,1078.224358974359,47369.28125,655.6802030456853,18.6,92.4,50.9,0.67,2.22,0,0,0,0,0
296,3.5055,14.61,213.33,149.0,2.7431,1634.1666666666667,25838.84117647059,912.9897435897436,15.1,84.8,40.63,0.3,2.05,0,0,0,0,0
1070,3.2132,33.78,53.67,46.0,3.2415,1205.1075268817203,10349.285714285714,182.3238095238096,26.3,51.0,32.28,0.22,2.29,0,0,0,0,0
964,,,,,,,3400.0,0.0,17.8,84.8,41.46,0.5,2.08,0,0,0,0,0
823,2.8351,57.14,230.33,231.0,3.259,43.30357142857143,6867.066666666667,331.1373626373626,17.8,84.8,41.46,0.5,2.08,0,0,0,0,0
685,2.791,26.79,249.42,245.0,3.3766,3575.480225988701,1398.0,47.42702702702703,13.1,93.2,39.66,0.5,1.37,0,0,0,0,0
1161,3.5437,34.76,57.4,34.0,3.44,729.6296296296297,60917.512,2109.421568627451,17.8,84.8,41.46,0.5,2.08,0,0,0,0,0
1154,2.5643,20.0,249.42,245.0,3.3651,0.6711409395973155,4347.133333333333,83.79126213592232,,,,0.5,1.58,0,0,0,0,0
971,3.7076,24.71,49.75,15.0,4.053,9868.311377245507,433613.8888888889,9073.58282208589,16.8,91.4,52.21,0.38,1.69,0,0,0,0,0
85,4.6381,19.62,213.0,247.0,3.9038,2868.108108108108,1916.3076923076924,1.2451612903225806,17.8,84.8,41.46,0.5,2.08,0,0,0,0,0
467,2.5464,39.47,281.43,257.0,3.3291,,7145.0,180.18382352941177,17.3,85.0,49.14,0.49,1.3,0,0,0,0,0
395,4.5526,2.64,170.25,161.0,4.2475,5732.242990654206,11583.5,109.75,15.1,84.8,40.63,0.3,2.05,0,0,0,0,0
729,3.742,42.58,144.83,346.0,4.2709,216.2295081967213,33643.07272727273,1180.5188284518829,15.1,84.8,40.63,0.3,2.05,0,0,0,0,0
1187,3.8203,51.31,170.25,150.0,4.0126,2728.1102362204724,41476.833333333336,149.02727272727273,8.4,96.9,61.11,0.88,1.64,0,0,0,0,0
654,3.9233,14.54,202.83,234.0,3.7997,30.412371134020617,,0.0,17.8,84.8,41.46,0.5,2.08,0,0,0,0,0
