customer_id,before_call_entropy,before_perc_of_calls_to_dar,before_calls_to_dar_ward_rank,before_calls_to_dar_subward_rank,before_money_sent_normed,region_education,region_immunization_measles,region_antenatal_visits,region_parliament_female_male_ratio,region_population_millions,region_manyara,region_mara,region_pwani,region_ruvuma,region_shinyanga,binary_dv
1186,4.0066,45.65,16.0,14.0,84.45378151260505,18.3,83.4,39.72,0.6,0.86,0,0,0,0,0,0
485,2.0336,37.66,237.5,197.0,61.34969325153374,11.8,93.3,38.82,0.33,0.94,0,0,0,0,0,0
92,4.0496,37.39,251.67,155.0,420.5445544554456,20.4,92.2,63.64,0.8,1.1,0,0,1,0,0,0
90,3.9678,8.27,195.25,199.0,2686.5234375,19.6,86.7,39.82,0.38,2.77,0,0,0,0,0,0
862,3.6941,28.02,356.29,358.0,938.62660944206,11.8,93.3,38.82,0.33,0.94,0,0,0,0,0,0
51,4.1299,67.57,52.67,44.0,100.0,19.6,86.7,39.82,0.38,2.77,0,0,0,0,0,0
921,2.917,17.39,51.6,32.0,4229.370558375635,19.6,86.7,39.82,0.38,2.77,0,0,0,0,0,0
347,4.0334,25.2,107.6,146.0,10711.45251396648,20.4,92.2,63.64,0.8,1.1,0,0,1,0,0,1
489,3.2907,59.26,51.6,65.0,6772.772277227723,26.3,51.0,32.28,0.22,2.29,0,0,0,0,0,0
528,3.2023,41.41,356.29,358.0,9.068627450980392,18.1,83.3,22.44,0.25,2.71,0,0,0,0,0,1
523,2.5789,7.14,260.25,237.0,4955470.306930693,16.8,91.4,52.21,0.38,1.69,0,0,0,0,0,0
638,3.3444,44.68,169.25,119.0,9950.0,16.8,91.4,52.21,0.38,1.69,0,0,0,0,0,1
873,3.0395,1.28,250.12,163.0,4923.461538461538,18.6,92.4,50.9,0.67,2.22,0,0,0,0,0,0
319,3.8814,28.97,202.67,211.0,3618.340611353712,15.1,84.8,40.63,0.3,2.05,0,0,0,0,0,0
871,4.1924,23.15,195.25,154.0,429.7053140096618,17.8,84.8,41.46,0.5,2.08,0,0,0,0,0,0
719,2.8201,35.29,193.2,180.0,1563.1868131868132,11.8,93.3,38.82,0.33,0.94,0,0,0,0,0,0
345,3.3326,69.35,20.5,69.0,5510.124087591241,15.1,84.8,40.63,0.3,2.05,0,0,0,0,0,0
990,3.1397,68.52,49.75,19.0,24888.28125,16.8,91.4,52.21,0.38,1.69,0,0,0,0,0,0
781,2.8359,54.47,176.0,173.0,475.0,18.6,92.4,50.9,0.67,2.22,0,0,0,0,0,0
260,4.1221,20.48,277.0,248.0,6374.438202247191,15.1,84.8,40.63,0.3,2.05,0,0,0,0,0,1
243,4.1229,49.13,255.57,207.0,3402.5,15.1,84.8,40.63,0.3,2.05,0,0,0,0,0,0
846,,,,,0.0,15.1,84.8,40.63,0.3,2.05,0,0,0,0,0,0
46,3.5604,29.33,239.4,169.0,253.9351851851852,16.8,91.4,52.21,0.38,1.69,0,0,0,0,0,1
1136,3.5297,11.72,49.75,97.0,979.5336787564768,19.6,86.7,39.82,0.38,2.77,0,0,0,0,0,0
15,3.8858,10.87,49.75,97.0,2380.735294117647,15.1,84.8,40.63,0.3,2.05,0,0,0,0,0,1
165,,,,,0.0,19.6,86.7,39.82,0.38,2.77,0,0,0,0,0,1
563,3.8356,10.91,239.4,169.0,11524.10071942446,15.1,84.8,40.63,0.3,2.05,0,0,0,0,0,0
183,3.2804,80.91,52.67,44.0,1458.609022556391,16.8,91.4,52.21,0.38,1.69,0,0,0,0,0,0
448,3.3741,56.5,356.29,145.0,1.1764705882352942,18.6,92.4,50.9,0.67,2.22,0,0,0,0,0,0
687,3.5261,21.25,255.57,289.0,6682.227488151659,19.6,81.0,63.16,1.0,1.43,1,0,0,0,0,1
1140,3.6898,39.24,141.5,130.0,4841.872222222222,18.6,92.4,50.9,0.67,2.22,0,0,0,0,0,0
130,3.3095,27.88,329.5,313.0,1354.2372881355932,18.1,83.3,22.44,0.25,2.71,0,0,0,0,0,1
984,4.4276,38.87,195.67,166.0,565.70796460177,19.2,77.0,21.21,0.0,1.0,0,0,0,0,0,0
1211,,,,,0.0,17.8,84.8,41.46,0.5,2.08,0,0,0,0,0,0
583,3.7889,19.64,57.4,50.0,864.9122807017544,15.1,84.8,40.63,0.3,2.05,0,0,0,0,0,0
425,2.461,54.07,137.0,72.0,1504.9295774647887,15.1,84.8,40.63,0.3,2.05,0,0,0,0,0,0
63,3.9066,45.1,170.25,150.0,1990.3333333333333,15.2,82.3,38.58,0.5,2.13,0,0,0,0,0,1
154,2.934,12.12,229.0,234.0,455.6818181818182,16.8,91.4,52.21,0.38,1.69,0,0,0,0,0,1
325,2.5588,4.81,381.0,413.0,57.77777777777778,8.4,96.9,61.11,0.88,1.64,0,0,0,0,0,0
239,3.6926,13.36,329.5,346.0,2706.375,17.8,84.8,41.46,0.5,2.08,0,0,0,0,0,0
413,3.911,33.47,141.5,76.0,4253.885714285714,15.1,84.8,40.63,0.3,2.05,0,0,0,0,0,1
472,1.9427,79.41,141.5,80.0,96.96132596685082,11.8,93.3,38.82,0.33,0.94,0,0,0,0,0,0
6,3.0152,48.82,176.0,156.0,3273.214285714286,,,,0.75,0.7,0,0,0,0,0,0
1091,2.8714,41.78,63.75,69.0,297.6442953020134,20.4,92.2,63.64,0.8,1.1,0,0,1,0,0,0
1137,3.081,39.2,356.29,388.0,3063.471502590673,18.6,92.4,50.9,0.67,2.22,0,0,0,0,0,1
1054,3.7104,38.36,8.5,9.0,5634.79381443299,18.6,92.4,50.9,0.67,2.22,0,0,0,0,0,0
613,2.757,91.27,237.5,302.0,444.1015625,8.6,85.6,40.74,0.5,1.74,0,1,0,0,0,0
558,4.5738,0.88,202.67,135.0,2615760.8695652173,18.6,92.4,50.9,0.67,2.22,0,0,0,0,0,0
377,3.5363,9.57,153.25,118.0,1507.142857142857,15.1,84.8,40.63,0.3,2.05,0,0,0,0,0,1
554,4.2198,79.37,341.5,340.0,542.1904761904761,18.1,83.3,22.44,0.25,2.71,0,0,0,0,0,0
463,2.696,30.71,356.29,356.0,2166.0130718954247,15.7,94.0,45.52,1.2,1.27,0,0,0,0,0,1
1012,3.3115,27.21,392.0,397.0,242369.820083682,8.3,91.3,46.53,0.75,1.38,0,0,0,1,0,1
657,3.775,11.95,334.67,218.0,1872.3809523809523,15.1,84.8,40.63,0.3,2.05,0,0,0,0,0,0
279,4.3207,22.49,229.0,260.0,1640.8394495412845,15.1,84.8,40.63,0.3,2.05,0,0,0,0,0,0
650,3.6464,31.01,53.67,46.0,5278.760330578512,15.1,84.8,40.63,0.3,2.05,0,0,0,0,0,0
330,3.9291,66.67,49.75,68.0,1614.0862944162436,16.8,91.4,52.21,0.38,1.69,0,0,0,0,0,0
702,4.033,29.39,281.0,332.0,48947.6387434555,18.6,92.4,50.9,0.67,2.22,0,0,0,0,0,1
913,2.8676,72.55,141.5,80.0,,16.8,91.4,52.21,0.38,1.69,0,0,0,0,0,0
648,3.6825,39.04,144.83,142.0,2501.5625,8.4,96.9,61.11,0.88,1.64,0,0,0,0,0,1
188,3.7942,24.19,219.6,152.0,25.26595744680851,11.8,93.3,38.82,0.33,0.94,0,0,0,0,0,0
187,3.6605,26.26,361.67,382.0,6030.555555555556,18.6,92.4,50.9,0.67,2.22,0,0,0,0,0,0
594,3.4985,13.34,170.25,212.0,600.8333333333334,15.1,84.8,40.63,0.3,2.05,0,0,0,0,0,0
195,4.3348,16.58,251.67,250.0,937.3853211009174,18.3,83.4,39.72,0.6,0.86,0,0,0,0,0,1
98,3.2213,15.03,260.25,322.0,84.65346534653466,8.4,96.9,61.11,0.88,1.64,0,0,0,0,0,0
770,2.9783,63.89,290.33,269.0,672.9262295081967,,,,,,0,0,0,0,0,1
762,,,,,0.0,18.6,92.4,50.9,0.67,2.22,0,0,0,0,0,0
829,4.738,41.44,392.0,375.0,72034.07522123893,8.3,91.3,46.53,0.75,1.38,0,0,0,1,0,1
303,4.5696,51.68,255.57,69.0,315.55023923444975,19.4,70.0,33.42,0.33,1.53,0,0,0,0,1,0
451,3.5876,32.81,178.0,291.0,180.9701492537313,18.1,83.3,22.44,0.25,2.71,0,0,0,0,0,0
1204,2.3067,100.0,137.0,175.0,671.0144927536232,26.3,51.0,32.28,0.22,2.29,0,0,0,0,0,0
111,4.255,6.32,195.67,214.0,1743.092105263158,17.8,84.8,41.46,0.5,2.08,0,0,0,0,0,0
1059,3.9345,55.82,356.29,305.0,183.41013824884791,20.4,92.2,63.64,0.8,1.1,0,0,1,0,0,0
300,2.6315,60.0,49.75,97.0,1435.982142857143,26.3,51.0,32.28,0.22,2.29,0,0,0,0,0,0
649,3.8579,34.02,170.25,212.0,167.56216216216217,18.6,92.4,50.9,0.67,2.22,0,0,0,0,0,0
796,,,,,0.0,15.1,84.8,40.63,0.3,2.05,0,0,0,0,0,0
812,3.1758,24.06,137.0,113.0,35485.89743589744,17.8,84.8,41.46,0.5,2.08,0,0,0,0,0,0
592,3.051,34.57,144.83,142.0,3750.0,15.1,84.8,40.63,0.3,2.05,0,0,0,0,0,1
173,4.3665,82.45,229.0,260.0,870.0819672131148,11.8,93.3,38.82,0.33,0.94,0,0,0,0,0,0
541,3.3822,56.68,72.14,105.0,,15.1,84.8,40.63,0.3,2.05,0,0,0,0,0,0
524,2.39,22.15,352.5,428.0,,18.6,92.4,50.9,0.67,2.22,0,0,0,0,0,0
1004,2.5772,54.06,193.2,180.0,7546.153846153846,15.1,84.8,40.63,0.3,2.05,0,0,0,0,0,0
161,3.8208,12.25,329.5,346.0,2389.5893719806763,18.6,92.4,50.9,0.67,2.22,0,0,0,0,0,0
270,2.6113,84.07,14.67,2.0,391.869918699187,26.3,51.0,32.28,0.22,2.29,0,0,0,0,0,0
1053,4.1879,14.17,170.25,150.0,2488.2517482517483,18.6,92.4,50.9,0.67,2.22,0,0,0,0,0,1
934,4.2546,45.52,195.25,154.0,5273.412037037037,17.3,85.0,49.14,0.49,1.3,0,0,0,0,0,0
226,3.6203,25.49,144.83,166.0,4931.037037037037,15.7,94.0,45.52,1.2,1.27,0,0,0,0,0,0
692,4.7149,46.08,137.0,329.0,68229.56216216217,18.6,92.4,50.9,0.67,2.22,0,0,0,0,0,0
837,4.1687,42.19,93.75,147.0,8403.030303030304,15.1,84.8,40.63,0.3,2.05,0,0,0,0,0,1
672,2.9336,27.84,239.0,275.0,444.44444444444446,15.1,84.8,40.63,0.3,2.05,0,0,0,0,0,1
957,3.0388,72.49,49.75,97.0,4795.535714285715,15.7,94.0,45.52,1.2,1.27,0,0,0,0,0,0
1174,4.495,10.41,202.83,156.0,490.06849315068496,18.6,92.4,50.9,0.67,2.22,0,0,0,0,0,0
57,3.8337,46.93,260.25,294.0,8.49056603773585,17.8,84.8,41.46,0.5,2.08,0,0,0,0,0,0
357,2.1833,73.62,361.67,382.0,727.6699029126214,19.6,86.7,39.82,0.38,2.77,0,0,0,0,0,1
955,3.2255,23.97,279.83,309.0,2584.1052631578946,15.7,94.0,45.52,1.2,1.27,0,0,0,0,0,1
652,1.4677,2.67,93.75,147.0,3.571428571428572,16.8,91.4,52.21,0.38,1.69,0,0,0,0,0,1
1201,2.5758,63.44,260.25,294.0,669.8198198198198,18.2,97.1,46.49,0.75,2.46,0,0,0,0,0,1
1189,3.9016,60.36,255.57,241.0,1644.6308724832215,15.1,84.8,40.63,0.3,2.05,0,0,0,0,0,1
1180,3.9333,32.89,137.0,72.0,511.13744075829385,,,,0.67,1.74,0,0,0,0,0,0
988,3.6964,53.67,281.0,273.0,3700.6451612903215,16.8,91.4,52.21,0.38,1.69,0,0,0,0,0,0
385,3.0596,33.33,381.0,413.0,961.1111111111112,15.7,94.0,45.52,1.2,1.27,0,0,0,0,0,0
671,3.5389,16.13,213.33,149.0,16069.505494505494,17.3,85.0,49.14,0.49,1.3,0,0,0,0,0,0
437,1.999,44.5,141.5,80.0,994.1176470588236,17.8,84.8,41.46,0.5,2.08,0,0,0,0,0,0
668,4.1142,20.0,202.83,234.0,18350.06632653061,19.6,86.7,39.82,0.38,2.77,0,0,0,0,0,0
646,,,,,0.0,8.4,96.9,61.11,0.88,1.64,0,0,0,0,0,1
622,3.0641,27.27,281.0,160.0,331.3529411764706,20.4,92.2,63.64,0.8,1.1,0,0,1,0,0,0
393,2.8836,46.53,51.6,32.0,5810.810810810811,15.1,84.8,40.63,0.3,2.05,0,0,0,0,0,1
1108,3.0112,81.61,102.33,77.0,329.03225806451616,11.8,93.3,38.82,0.33,0.94,0,0,0,0,0,0
286,4.1575,35.84,250.12,163.0,711.2794759825327,19.6,86.7,39.82,0.38,2.77,0,0,0,0,0,1
564,4.108,57.88,392.0,397.0,7391.188679245283,8.3,91.3,46.53,0.75,1.38,0,0,0,1,0,1
508,3.5328,47.9,77.0,75.0,1553.6057692307693,8.4,96.9,61.11,0.88,1.64,0,0,0,0,0,0
1206,2.8633,71.92,107.6,62.0,822.1052631578947,20.4,92.2,63.64,0.8,1.1,0,0,1,0,0,0
1022,3.057,16.8,290.33,269.0,2313.84375,15.1,84.8,40.63,0.3,2.05,0,0,0,0,0,0
71,4.7252,30.69,251.67,7.0,,8.4,96.9,61.11,0.88,1.64,0,0,0,0,0,0
263,3.6578,46.38,392.0,398.0,378.57142857142856,18.6,92.4,50.9,0.67,2.22,0,0,0,0,0,1
48,3.9847,7.25,22.0,23.0,1520.0,17.3,85.0,49.14,0.49,1.3,0,0,0,0,0,0
559,4.0166,20.18,399.2,409.0,28.98550724637681,18.6,92.4,50.9,0.67,2.22,0,0,0,0,0,0
131,3.1313,56.05,422.22,424.0,2635395.3991935486,20.4,92.2,63.64,0.8,1.1,0,0,1,0,0,0
802,3.1335,64.01,250.12,254.0,651.4492753623189,19.6,86.7,39.82,0.38,2.77,0,0,0,0,0,1
206,4.1887,23.64,202.83,156.0,1639.4904458598726,16.8,91.4,52.21,0.38,1.69,0,0,0,0,0,0
329,2.5355,32.08,144.83,123.0,0.7142857142857143,8.4,96.9,61.11,0.88,1.64,0,0,0,0,0,0
625,3.5511,33.93,361.67,371.0,1088.7096774193549,18.6,92.4,50.9,0.67,2.22,0,0,0,0,0,1
367,3.5371,62.89,52.67,70.0,31866.666666666668,16.8,91.4,52.21,0.38,1.69,0,0,0,0,0,0
164,3.5259,9.34,49.75,15.0,2940.0,17.8,84.8,41.46,0.5,2.08,0,0,0,0,0,0
734,3.4761,47.66,195.67,122.0,4915276.27118644,20.4,92.2,63.64,0.8,1.1,0,0,1,0,0,0
694,4.1468,42.2,237.5,302.0,3621.2901234567903,18.1,83.3,22.44,0.25,2.71,0,0,0,0,0,1
1165,3.0019,39.74,418.25,436.0,2494.767441860465,8.4,96.9,61.11,0.88,1.64,0,0,0,0,0,1
333,3.5005,32.0,176.0,120.0,471.79487179487177,15.1,84.8,40.63,0.3,2.05,0,0,0,0,0,1
1141,4.1225,46.3,170.25,150.0,369.0,11.8,93.3,38.82,0.33,0.94,0,0,0,0,0,1
623,,,,,0.0,15.7,94.0,45.52,1.2,1.27,0,0,0,0,0,0
455,4.1237,20.42,250.12,34.0,6434254.335260116,8.4,96.9,61.11,0.88,1.64,0,0,0,0,0,0
12,3.0439,59.66,356.29,267.0,1239.141414141414,8.4,96.9,61.11,0.88,1.64,0,0,0,0,0,1
499,3.1298,15.33,89.75,49.0,920498.2875816992,8.4,96.9,61.11,0.88,1.64,0,0,0,0,0,1
617,2.2416,50.0,102.33,106.0,1910.119047619048,15.1,84.8,40.63,0.3,2.05,0,0,0,0,0,0
952,4.1522,27.72,51.6,101.0,3093.75,18.6,92.4,50.9,0.67,2.22,0,0,0,0,0,0
38,3.1888,3.49,281.43,229.0,859.349593495935,18.6,92.4,50.9,0.67,2.22,0,0,0,0,0,1
219,3.3468,30.98,176.0,209.0,292.6829268292683,15.1,84.8,40.63,0.3,2.05,0,0,0,0,0,0
752,4.5984,16.75,299.67,304.0,1245.9594594594594,15.7,94.0,45.52,1.2,1.27,0,0,0,0,0,0
153,2.6051,26.73,52.67,63.0,1856.4245810055863,20.4,92.2,63.64,0.8,1.1,0,0,1,0,0,0
1065,2.7068,20.21,250.12,308.0,8148.378378378378,18.2,97.1,46.49,0.75,2.46,0,0,0,0,0,0
575,2.536,13.98,255.57,39.0,3526.5822784810125,18.3,83.4,39.72,0.6,0.86,0,0,0,0,0,0
1150,2.9471,8.57,178.0,179.0,6.493506493506493,18.6,92.4,50.9,0.67,2.22,0,0,0,0,0,0
616,2.968,2.52,203.0,203.0,489.0046296296296,18.6,92.4,50.9,0.67,2.22,0,0,0,0,0,0
276,3.3537,27.59,107.6,115.0,3632.352941176471,17.8,84.8,41.46,0.5,2.08,0,0,0,0,0,0
315,2.6871,65.15,93.75,147.0,2977.5,17.3,85.0,49.14,0.49,1.3,0,0,0,0,0,0
1199,3.7711,49.54,137.0,113.0,31.51515151515152,26.3,51.0,32.28,0.22,2.29,0,0,0,0,0,0
1072,1.4575,3.47,307.5,324.0,1052.5688073394494,15.1,84.8,40.63,0.3,2.05,0,0,0,0,0,0
884,3.6678,58.45,399.2,439.0,1741.783625730994,15.1,84.8,40.63,0.3,2.05,0,0,0,0,0,1
254,1.9352,77.74,255.57,241.0,336.9047619047619,17.8,84.8,41.46,0.5,2.08,0,0,0,0,0,1
224,4.118,21.37,392.0,397.0,2663.575757575757,15.1,84.8,40.63,0.3,2.05,0,0,0,0,0,0
81,3.8503,15.79,139.5,289.0,4229.166666666667,17.3,85.0,49.14,0.49,1.3,0,0,0,0,0,1
1188,3.7568,19.01,72.14,44.0,3833.174157303371,15.1,84.8,40.63,0.3,2.05,0,0,0,0,0,0
772,3.9166,33.07,106.2,45.0,10.9375,8.4,96.9,61.11,0.88,1.64,0,0,0,0,0,1
310,3.6875,58.4,20.5,6.0,2841.964285714286,17.3,85.0,49.14,0.49,1.3,0,0,0,0,0,0
665,2.8539,38.33,70.4,55.0,5440.88,19.6,86.7,39.82,0.38,2.77,0,0,0,0,0,0
25,3.8279,1.48,63.75,180.0,,18.1,83.3,22.44,0.25,2.71,0,0,0,0,0,1
33,3.47,18.36,250.12,163.0,9.30232558139535,8.4,96.9,61.11,0.88,1.64,0,0,0,0,0,0
158,4.1248,25.23,195.25,199.0,92.91044776119404,18.6,92.4,50.9,0.67,2.22,0,0,0,0,0,0
777,3.5247,79.35,14.67,168.0,2145.755,8.4,96.9,61.11,0.88,1.64,0,0,0,0,0,1
379,2.9616,41.94,202.67,261.0,,20.4,92.2,63.64,0.8,1.1,0,0,1,0,0,1
28,4.967,37.25,36.0,71.0,8791.558441558442,11.8,93.3,38.82,0.33,0.94,0,0,0,0,0,0
983,3.3153,58.47,418.25,436.0,253.6551724137931,8.4,96.9,61.11,0.88,1.64,0,0,0,0,0,0
847,4.4379,19.6,137.0,113.0,3379.285714285714,8.4,96.9,61.11,0.88,1.64,0,0,0,0,0,0
1112,3.5351,15.0,52.67,63.0,355171.1176470588,19.6,86.7,39.82,0.38,2.77,0,0,0,0,0,0
53,3.8548,51.26,141.5,80.0,3630.542986425339,8.4,96.9,61.11,0.88,1.64,0,0,0,0,0,1
840,3.547,52.4,112.4,104.0,1223.4741784037558,15.7,94.0,45.52,1.2,1.27,0,0,0,0,0,0
1114,3.3034,3.76,170.25,362.0,342.12598425196853,18.2,97.1,46.49,0.75,2.46,0,0,0,0,0,0
469,3.0267,7.14,184.25,145.0,590.3669724770642,11.8,93.3,38.82,0.33,0.94,0,0,0,0,0,0
298,3.6446,20.0,144.83,123.0,116.98113207547168,,,,0.75,0.7,0,0,0,0,0,0
586,2.811,84.12,53.67,46.0,233.3333333333333,17.8,84.8,41.46,0.5,2.08,0,0,0,0,0,1
174,3.2807,29.23,399.2,449.0,636.25,15.1,84.8,40.63,0.3,2.05,0,0,0,0,0,1
733,3.5153,51.01,52.67,44.0,965.1310043668122,15.1,84.8,40.63,0.3,2.05,0,0,0,0,0,0
250,2.9478,21.15,106.2,107.0,3.1645569620253164,18.6,92.4,50.9,0.67,2.22,0,0,0,0,0,0
1177,2.852,39.66,422.22,424.0,11238.372093023256,16.8,91.4,52.21,0.38,1.69,0,0,0,0,0,1
927,3.2985,23.81,178.0,193.0,,13.1,93.2,39.66,0.5,1.37,0,0,0,0,0,1
34,3.266,10.0,381.0,332.0,2407.6470588235293,15.7,94.0,45.52,1.2,1.27,0,0,0,0,0,0
27,4.5722,43.51,229.0,260.0,5731.25,17.8,84.8,41.46,0.5,2.08,0,0,0,0,0,0
1077,4.2929,38.79,77.6,53.0,2237.0298507462685,15.2,82.3,38.58,0.5,2.13,0,0,0,0,0,0
70,3.7746,11.54,229.0,324.0,738.9447236180905,15.7,94.0,45.52,1.2,1.27,0,0,0,0,0,1
891,3.62,50.38,392.0,362.0,893.4782608695652,20.4,92.2,63.64,0.8,1.1,0,0,1,0,0,1
845,3.809,75.57,202.67,136.0,763.1472081218274,13.1,93.2,39.66,0.5,1.37,0,0,0,0,0,0
37,3.2591,47.48,250.12,254.0,1017.1875,20.4,92.2,63.64,0.8,1.1,0,0,1,0,0,1
273,3.1402,47.89,229.0,260.0,116.46341463414636,11.8,93.3,38.82,0.33,0.94,0,0,0,0,0,1
486,2.4007,87.5,230.33,231.0,987.7952755905512,19.6,86.7,39.82,0.38,2.77,0,0,0,0,0,1
1040,2.7929,80.0,299.67,286.0,20712.5,,,,,,0,0,0,0,0,0
269,3.2084,23.53,107.6,115.0,4393.803418803419,15.1,84.8,40.63,0.3,2.05,0,0,0,0,0,0
1082,2.6861,72.34,20.5,40.0,5968.811881188119,15.1,84.8,40.63,0.3,2.05,0,0,0,0,0,0
1127,3.8929,74.81,57.4,34.0,449.4660194174757,8.4,96.9,61.11,0.88,1.64,0,0,0,0,0,0
17,3.4179,11.2,72.14,81.0,6228.34375,18.6,92.4,50.9,0.67,2.22,0,0,0,0,0,1
1007,3.7117,2.52,53.67,29.0,13493.244897959185,16.8,91.4,52.21,0.38,1.69,0,0,0,0,0,1
633,3.3987,27.27,195.67,247.0,1385.054347826087,19.6,86.7,39.82,0.38,2.77,0,0,0,0,0,0
1087,4.8962,11.78,356.29,267.0,8888.587982832618,15.1,84.8,40.63,0.3,2.05,0,0,0,0,0,0
309,,,,,0.0,18.6,92.4,50.9,0.67,2.22,0,0,0,0,0,0
546,3.2651,1.29,93.75,43.0,9.92063492063492,8.6,85.6,40.74,0.5,1.74,0,1,0,0,0,0
79,2.9807,72.8,277.0,248.0,638.7850467289719,17.8,84.8,41.46,0.5,2.08,0,0,0,0,0,0
765,3.4029,56.14,176.0,201.0,306.25,11.8,93.3,38.82,0.33,0.94,0,0,0,0,0,0
911,1.9533,78.79,202.67,211.0,786.5269461077844,13.1,93.2,39.66,0.5,1.37,0,0,0,0,0,1
612,3.2862,14.35,230.33,231.0,1886.945945945946,15.1,84.8,40.63,0.3,2.05,0,0,0,0,0,0
156,4.3918,30.08,178.0,179.0,3490.7894736842104,19.4,70.0,33.42,0.33,1.53,0,0,0,0,1,0
560,3.5773,7.73,255.57,243.0,11464.529914529914,18.6,92.4,50.9,0.67,2.22,0,0,0,0,0,0
897,,,,,0.0,18.3,83.4,39.72,0.6,0.86,0,0,0,0,0,1
186,2.8542,53.15,170.25,150.0,1040.5172413793102,18.1,83.3,22.44,0.25,2.71,0,0,0,0,0,0
693,3.0836,29.63,170.25,150.0,711.8279569892474,18.6,92.4,50.9,0.67,2.22,0,0,0,0,0,0
202,3.6092,76.6,193.2,180.0,3293.246511627907,8.4,96.9,61.11,0.88,1.64,0,0,0,0,0,0
713,3.9374,5.2,106.2,143.0,1037.0661157024792,15.1,84.8,40.63,0.3,2.05,0,0,0,0,0,0
49,1.3252,97.5,52.67,63.0,1293.3333333333333,8.4,96.9,61.11,0.88,1.64,0,0,0,0,0,1
591,4.2295,14.26,141.5,80.0,5802.942196531792,16.8,91.4,52.21,0.38,1.69,0,0,0,0,0,0
839,2.7492,75.48,250.12,308.0,137.67123287671234,20.4,92.2,63.64,0.8,1.1,0,0,1,0,0,1
1168,4.2008,81.3,329.5,342.0,0.8064516129032258,19.4,70.0,33.42,0.33,1.53,0,0,0,0,1,0
9,1.6434,66.67,230.33,208.0,0.0,18.2,97.1,46.49,0.75,2.46,0,0,0,0,0,1
118,3.2341,33.71,418.25,436.0,286.7132867132867,17.3,85.0,49.14,0.49,1.3,0,0,0,0,0,1
1085,3.5474,21.12,249.42,290.0,1105.9641255605382,18.6,92.4,50.9,0.67,2.22,0,0,0,0,0,1
680,3.1537,32.39,307.5,324.0,332.03125,18.3,83.4,39.72,0.6,0.86,0,0,0,0,0,1
1066,3.9065,32.03,106.2,45.0,3935.2350230414745,18.6,92.4,50.9,0.67,2.22,0,0,0,0,0,0
641,3.2192,43.33,36.0,71.0,38562.5,18.6,92.4,50.9,0.67,2.22,0,0,0,0,0,0
340,2.9018,18.05,277.0,253.0,15875.883248730965,20.4,92.2,63.64,0.8,1.1,0,0,1,0,0,0
189,3.9003,12.27,361.67,371.0,7523.333333333333,15.1,84.8,40.63,0.3,2.05,0,0,0,0,0,1
946,2.9092,23.33,202.67,136.0,367.9411764705882,18.1,83.3,22.44,0.25,2.71,0,0,0,0,0,0
1021,2.2471,82.61,356.29,388.0,1864.383561643836,17.8,84.8,41.46,0.5,2.08,0,0,0,0,0,0
1081,3.2066,48.81,176.0,138.0,1802.4038461538464,18.2,97.1,46.49,0.75,2.46,0,0,0,0,0,0
21,3.561,42.65,356.29,156.0,2491.530054644809,15.7,94.0,45.52,1.2,1.27,0,0,0,0,0,1
179,2.3513,88.89,170.25,62.0,117.01030927835052,17.3,85.0,49.14,0.49,1.3,0,0,0,0,0,1
972,3.1648,93.39,106.2,45.0,11722.457627118643,8.4,96.9,61.11,0.88,1.64,0,0,0,0,0,0
1102,3.5779,76.37,229.0,260.0,499.5192307692308,18.6,92.4,50.9,0.67,2.22,0,0,0,0,0,1
548,3.8604,24.57,399.2,409.0,3.807106598984772,15.1,84.8,40.63,0.3,2.05,0,0,0,0,0,1
738,3.0404,83.65,137.0,113.0,1304.6875,8.4,96.9,61.11,0.88,1.64,0,0,0,0,0,0
211,3.1766,50.94,250.12,132.0,1095.4545454545455,20.4,92.2,63.64,0.8,1.1,0,0,1,0,0,1
102,3.0516,78.73,260.25,322.0,3845.4545454545455,17.8,84.8,41.46,0.5,2.08,0,0,0,0,0,1
1123,1.9518,53.85,361.67,371.0,591.9075144508671,17.3,85.0,49.14,0.49,1.3,0,0,0,0,0,1
867,3.5816,61.71,356.29,305.0,12393.366666666669,8.3,91.3,46.53,0.75,1.38,0,0,0,1,0,1
1060,3.7556,71.88,260.25,237.0,890.6832298136646,19.2,77.0,21.21,0.0,1.0,0,0,0,0,0,0
113,4.2591,40.18,72.14,105.0,1791.121951219512,17.8,84.8,41.46,0.5,2.08,0,0,0,0,0,0
999,3.7105,76.67,52.67,44.0,1072.0833333333333,18.1,83.3,22.44,0.25,2.71,0,0,0,0,0,0
780,4.1246,41.67,237.5,197.0,,16.8,91.4,52.21,0.38,1.69,0,0,0,0,0,0
1045,3.7901,24.4,290.6,192.0,1106.4356435643565,20.4,92.2,63.64,0.8,1.1,0,0,1,0,0,0
410,,,,,0.0,18.6,92.4,50.9,0.67,2.22,0,0,0,0,0,0
104,4.3517,62.05,277.0,136.0,9878.83597883598,18.1,83.3,22.44,0.25,2.71,0,0,0,0,0,0
822,2.7456,76.85,230.33,208.0,9246.42857142857,8.4,96.9,61.11,0.88,1.64,0,0,0,0,0,0
850,,,,,0.0,20.4,92.2,63.64,0.8,1.1,0,0,1,0,0,1
360,3.1304,9.87,184.25,145.0,182.3741007194245,18.6,92.4,50.9,0.67,2.22,0,0,0,0,0,0
782,3.0431,39.13,72.14,36.0,1400.78125,26.3,51.0,32.28,0.22,2.29,0,0,0,0,0,0
295,,,,,,17.8,84.8,41.46,0.5,2.08,0,0,0,0,0,0
640,3.1856,82.69,51.6,32.0,4.504504504504505,8.4,96.9,61.11,0.88,1.64,0,0,0,0,0,0
350,3.2897,8.87,72.14,81.0,1165.3111111111111,15.1,84.8,40.63,0.3,2.05,0,0,0,0,0,1
912,3.34,39.66,334.67,361.0,437.2549019607843,17.8,84.8,41.46,0.5,2.08,0,0,0,0,0,1
543,2.2025,50.0,202.83,263.0,8065185.483870967,11.8,93.3,38.82,0.33,0.94,0,0,0,0,0,0
446,3.3723,89.66,237.5,302.0,1320.945945945946,19.4,70.0,33.42,0.33,1.53,0,0,0,0,1,0
458,2.5418,31.32,73.33,47.0,440773.8858695653,8.4,96.9,61.11,0.88,1.64,0,0,0,0,0,0
599,3.8188,7.29,193.2,180.0,335.2564102564103,15.1,84.8,40.63,0.3,2.05,0,0,0,0,0,0
216,2.367,44.83,260.25,322.0,4.62962962962963,8.4,96.9,61.11,0.88,1.64,0,0,0,0,0,1
1089,3.4311,86.82,195.67,271.0,18128.46153846154,19.6,86.7,39.82,0.38,2.77,0,0,0,0,0,1
138,3.8297,48.0,356.29,388.0,29095.6,20.4,92.2,63.64,0.8,1.1,0,0,1,0,0,0
978,3.7064,15.43,385.75,352.0,4933.87027027027,18.6,92.4,50.9,0.67,2.22,0,0,0,0,0,1
947,3.0641,5.59,63.75,154.0,3708.730158730159,15.1,84.8,40.63,0.3,2.05,0,0,0,0,0,1
389,3.1149,71.05,89.75,82.0,2113.521739130435,15.1,84.8,40.63,0.3,2.05,0,0,0,0,0,0
696,3.0144,12.91,392.0,362.0,686.7848837209302,15.1,84.8,40.63,0.3,2.05,0,0,0,0,0,1
940,3.6178,60.85,290.33,245.0,3142.8030303030305,15.1,84.8,40.63,0.3,2.05,0,0,0,0,0,1
308,4.6449,41.6,356.29,358.0,5659.553191489362,17.3,85.0,49.14,0.49,1.3,0,0,0,0,0,1
929,4.0107,58.51,280.83,319.0,996.4566929133858,17.3,85.0,49.14,0.49,1.3,0,0,0,0,0,0
1023,3.9245,4.74,385.75,231.0,1730.597014925373,8.4,96.9,61.11,0.88,1.64,0,0,0,0,0,1
5,3.5537,66.55,290.33,269.0,2557.5703125,17.3,85.0,49.14,0.49,1.3,0,0,0,0,0,1
120,3.4326,41.38,356.29,356.0,1068.58407079646,18.6,92.4,50.9,0.67,2.22,0,0,0,0,0,1
1212,2.7328,32.14,281.0,184.0,2770.121951219512,8.4,96.9,61.11,0.88,1.64,0,0,0,0,0,1
471,3.1686,88.49,356.29,358.0,2668.3811659192825,20.4,92.2,63.64,0.8,1.1,0,0,1,0,0,1
327,2.6777,51.72,36.0,56.0,4535.0,18.6,92.4,50.9,0.67,2.22,0,0,0,0,0,0
289,2.6646,28.57,193.2,180.0,832.010582010582,15.1,84.8,40.63,0.3,2.05,0,0,0,0,0,0
445,3.3609,27.03,356.29,356.0,579.051724137931,8.4,96.9,61.11,0.88,1.64,0,0,0,0,0,1
757,3.8977,28.93,14.67,145.0,73016.75418994413,17.8,84.8,41.46,0.5,2.08,0,0,0,0,0,0
670,,,,,0.0,15.1,84.8,40.63,0.3,2.05,0,0,0,0,0,1
255,3.6478,21.8,170.25,150.0,5146.673202614379,15.7,94.0,45.52,1.2,1.27,0,0,0,0,0,0
712,3.322,64.14,72.14,105.0,9534.182692307691,16.8,91.4,52.21,0.38,1.69,0,0,0,0,0,0
1202,2.0056,40.91,141.5,80.0,3.6496350364963503,13.1,93.2,39.66,0.5,1.37,0,0,0,0,0,0
1124,3.0439,9.09,192.8,249.0,11305.570680628272,19.6,86.7,39.82,0.38,2.77,0,0,0,0,0,0
1057,4.075,9.7,73.33,47.0,1079.1156462585034,18.6,92.4,50.9,0.67,2.22,0,0,0,0,0,0
265,3.9771,28.85,176.0,215.0,20576.36363636364,8.4,96.9,61.11,0.88,1.64,0,0,0,0,0,0
746,2.5724,9.35,106.2,103.0,1693.6666666666667,17.8,84.8,41.46,0.5,2.08,0,0,0,0,0,0
282,2.9536,75.36,356.29,358.0,303.1727272727273,8.4,96.9,61.11,0.88,1.64,0,0,0,0,0,1
262,,,,,0.0,20.4,92.2,63.64,0.8,1.1,0,0,1,0,0,0
427,2.9234,84.68,14.67,45.0,449.1830065359477,19.6,86.7,39.82,0.38,2.77,0,0,0,0,0,1
137,3.5416,62.22,107.6,146.0,1159.2228260869565,8.4,96.9,61.11,0.88,1.64,0,0,0,0,0,0
100,3.0131,63.16,57.4,42.0,17431.632653061224,19.2,77.0,21.21,0.0,1.0,0,0,0,0,0,0
227,3.7069,30.47,137.0,113.0,2256.15234375,17.8,84.8,41.46,0.5,2.08,0,0,0,0,0,0
190,3.4445,30.12,49.75,63.0,3568.8356164383563,18.3,83.4,39.72,0.6,0.86,0,0,0,0,0,0
851,2.5013,83.94,202.67,136.0,1328.6524390243903,8.4,96.9,61.11,0.88,1.64,0,0,0,0,0,1
906,3.7767,80.85,255.57,243.0,,18.2,97.1,46.49,0.75,2.46,0,0,0,0,0,1
291,3.316,40.2,144.83,142.0,3885.629032258064,8.4,96.9,61.11,0.88,1.64,0,0,0,0,0,0
301,2.8648,21.79,230.33,208.0,137.5,18.1,83.3,22.44,0.25,2.71,0,0,0,0,0,0
492,3.1989,13.71,52.67,134.0,294.82758620689657,18.6,92.4,50.9,0.67,2.22,0,0,0,0,0,0
473,1.8122,14.81,290.6,192.0,214.28571428571428,11.8,93.3,38.82,0.33,0.94,0,0,0,0,0,1
985,3.9358,25.48,202.67,261.0,9547.943548387097,15.1,84.8,40.63,0.3,2.05,0,0,0,0,0,1
520,,,,,,20.4,92.2,63.64,0.8,1.1,0,0,1,0,0,0
1096,3.1859,24.86,137.0,113.0,152.94117647058823,18.6,92.4,50.9,0.67,2.22,0,0,0,0,0,0
264,2.9078,54.41,193.2,180.0,3551.5,18.6,92.4,50.9,0.67,2.22,0,0,0,0,0,0
744,,,,,0.0,19.6,86.7,39.82,0.38,2.77,0,0,0,0,0,0
109,1.8623,18.92,230.33,340.0,,15.7,94.0,45.52,1.2,1.27,0,0,0,0,0,1
1197,3.8876,86.6,418.25,431.0,796.5644171779142,19.6,81.0,63.16,1.0,1.43,1,0,0,0,0,1
673,4.6237,44.12,184.25,190.0,5575.192307692308,8.6,85.6,40.74,0.5,1.74,0,1,0,0,0,1
655,2.3721,81.91,418.25,431.0,9.90566037735849,15.1,84.8,40.63,0.3,2.05,0,0,0,0,0,1
266,1.7316,83.1,392.0,362.0,351.47058823529414,18.6,92.4,50.9,0.67,2.22,0,0,0,0,0,1
866,3.9647,31.54,178.0,409.0,5718.666666666667,17.8,84.8,41.46,0.5,2.08,0,0,0,0,0,1
1036,3.8122,25.92,237.5,197.0,536.9047619047619,15.2,82.3,38.58,0.5,2.13,0,0,0,0,0,0
465,3.3204,84.48,418.25,436.0,1.6216216216216215,18.1,83.3,22.44,0.25,2.71,0,0,0,0,0,1
122,3.9899,50.2,250.12,150.0,,17.8,84.8,41.46,0.5,2.08,0,0,0,0,0,0
1195,3.7321,26.51,392.0,397.0,745.8115183246073,11.8,93.3,38.82,0.33,0.94,0,0,0,0,0,1
842,4.0096,11.45,202.67,260.0,2492.478813559322,8.4,96.9,61.11,0.88,1.64,0,0,0,0,0,0
915,3.5909,51.16,250.12,254.0,2278.179487179488,15.1,84.8,40.63,0.3,2.05,0,0,0,0,0,1
381,2.975,29.17,183.33,134.0,11031.11235955056,15.1,84.8,40.63,0.3,2.05,0,0,0,0,0,0
787,3.8524,12.61,28.5,260.0,8245.547945205479,8.4,96.9,61.11,0.88,1.64,0,0,0,0,0,1
435,3.018,68.5,144.83,142.0,905.607476635514,15.7,94.0,45.52,1.2,1.27,0,0,0,0,0,0
1093,3.1008,29.47,141.5,168.0,314.1304347826087,18.6,92.4,50.9,0.67,2.22,0,0,0,0,0,0
257,3.9533,20.11,280.83,195.0,69657.98611111111,8.4,96.9,61.11,0.88,1.64,0,0,0,0,0,0
516,3.7942,45.2,93.75,20.0,7709.674698795181,8.4,96.9,61.11,0.88,1.64,0,0,0,0,0,0
205,3.8179,24.68,72.14,178.0,55402.65151515151,16.8,91.4,52.21,0.38,1.69,0,0,0,0,0,0
31,2.271,97.44,202.67,340.0,371.4285714285714,19.6,81.0,63.16,1.0,1.43,1,0,0,0,0,1
859,,,,,0.0,19.6,86.7,39.82,0.38,2.77,0,0,0,0,0,0
351,3.2021,13.11,137.0,231.0,1300.0,20.4,92.2,63.64,0.8,1.1,0,0,1,0,0,1
706,3.3777,55.48,107.6,146.0,16984.04761904762,18.2,97.1,46.49,0.75,2.46,0,0,0,0,0,0
491,2.4765,0.0,,,297.5238095238095,17.3,85.0,49.14,0.49,1.3,0,0,0,0,0,0
525,3.7051,29.83,230.33,231.0,750.9756097560976,18.6,92.4,50.9,0.67,2.22,0,0,0,0,0,0
679,2.6933,40.74,249.42,154.0,3801799.289099526,18.1,83.3,22.44,0.25,2.71,0,0,0,0,0,1
1107,3.8541,32.2,28.5,33.0,7077.894736842105,8.4,96.9,61.11,0.88,1.64,0,0,0,0,0,0
794,4.5381,21.16,72.14,294.0,2117.4418604651164,8.4,96.9,61.11,0.88,1.64,0,0,0,0,0,0
335,3.5432,46.74,170.25,158.0,3982.11009174312,20.4,92.2,63.64,0.8,1.1,0,0,1,0,0,1
597,3.2275,54.55,381.0,332.0,423.6363636363636,17.8,84.8,41.46,0.5,2.08,0,0,0,0,0,0
1111,3.5253,4.2,178.0,431.0,316.56050955414014,16.8,91.4,52.21,0.38,1.69,0,0,0,0,0,1
1005,3.3688,44.44,281.0,204.0,,15.2,82.3,38.58,0.5,2.13,0,0,0,0,0,0
322,3.0829,67.23,106.2,133.0,1541.6666666666667,8.4,96.9,61.11,0.88,1.64,0,0,0,0,0,1
914,4.4718,65.45,329.5,313.0,11576.42857142857,17.3,85.0,49.14,0.49,1.3,0,0,0,0,0,1
349,3.4127,42.91,290.33,180.0,583.3333333333334,20.4,92.2,63.64,0.8,1.1,0,0,1,0,0,1
878,1.6091,67.65,141.5,168.0,4249.290780141844,18.1,83.3,22.44,0.25,2.71,0,0,0,0,0,0
328,2.7227,22.0,178.0,179.0,688.9880952380952,8.4,96.9,61.11,0.88,1.64,0,0,0,0,0,0
1084,2.0023,83.93,277.0,248.0,1357.3846153846157,17.3,85.0,49.14,0.49,1.3,0,0,0,0,0,0
620,3.7832,76.81,329.5,313.0,6436.590909090909,8.6,85.6,40.74,0.5,1.74,0,1,0,0,0,1
404,3.8258,17.52,52.67,70.0,271.42857142857144,17.8,84.8,41.46,0.5,2.08,0,0,0,0,0,0
210,4.3563,6.78,184.25,145.0,4117.708333333333,15.1,84.8,40.63,0.3,2.05,0,0,0,0,0,0
234,3.9512,69.29,260.25,322.0,9740.267379679144,8.4,96.9,61.11,0.88,1.64,0,0,0,0,0,1
853,2.8716,60.9,281.43,240.0,610.328502415459,15.7,94.0,45.52,1.2,1.27,0,0,0,0,0,1
743,,,,,0.0,8.4,96.9,61.11,0.88,1.64,0,0,0,0,0,1
302,3.7526,47.21,290.6,192.0,5148.320675105485,18.6,92.4,50.9,0.67,2.22,0,0,0,0,0,0
611,3.9625,3.83,77.0,75.0,186.5625,8.4,96.9,61.11,0.88,1.64,0,0,0,0,0,0
128,3.4224,47.1,290.33,112.0,1639.766081871345,8.4,96.9,61.11,0.88,1.64,0,0,0,0,0,1
889,1.4975,74.32,72.14,28.0,3149.5689655172414,15.2,82.3,38.58,0.5,2.13,0,0,0,0,0,0
667,4.0057,7.94,260.25,14.0,4797.767857142857,18.1,83.3,22.44,0.25,2.71,0,0,0,0,0,0
217,1.903,81.36,202.67,136.0,1162.121212121212,15.1,84.8,40.63,0.3,2.05,0,0,0,0,0,0
1042,3.1914,8.13,219.6,152.0,1483.4123222748815,18.6,92.4,50.9,0.67,2.22,0,0,0,0,0,0
869,4.6062,34.22,176.0,201.0,2291.3296703296705,18.6,92.4,50.9,0.67,2.22,0,0,0,0,0,0
969,2.725,38.24,195.25,199.0,1141.9753086419753,18.1,83.3,22.44,0.25,2.71,0,0,0,0,0,0
371,4.3506,13.72,203.0,203.0,281.3953488372093,18.6,92.4,50.9,0.67,2.22,0,0,0,0,0,0
414,3.2757,87.16,49.75,97.0,1605.46875,15.7,94.0,45.52,1.2,1.27,0,0,0,0,0,0
549,1.8581,63.24,260.25,294.0,546.0869565217391,19.6,86.7,39.82,0.38,2.77,0,0,0,0,0,0
400,1.932,89.42,341.5,340.0,,15.2,82.3,38.58,0.5,2.13,0,0,0,0,0,1
936,3.472,30.0,51.6,32.0,243519.6601941748,16.8,91.4,52.21,0.38,1.69,0,0,0,0,0,0
24,2.5154,24.88,202.83,156.0,640.952380952381,18.6,92.4,50.9,0.67,2.22,0,0,0,0,0,0
2,3.6891,23.46,279.83,309.0,21550.0,17.3,85.0,49.14,0.49,1.3,0,0,0,0,0,0
785,1.9763,84.56,399.2,349.0,2007.066037735849,15.1,84.8,40.63,0.3,2.05,0,0,0,0,0,1
1083,3.3961,32.37,137.0,171.0,163.5,17.8,84.8,41.46,0.5,2.08,0,0,0,0,0,0
365,4.1149,9.18,281.43,240.0,328.8759689922481,15.1,84.8,40.63,0.3,2.05,0,0,0,0,0,0
1011,4.7806,28.81,36.0,4.0,5111.032608695652,11.8,93.3,38.82,0.33,0.94,0,0,0,0,0,0
709,2.0238,55.56,137.0,160.0,315.72327044025155,8.6,85.6,40.74,0.5,1.74,0,1,0,0,0,1
426,3.1471,75.0,49.75,68.0,2626.5060240963853,15.7,94.0,45.52,1.2,1.27,0,0,0,0,0,0
317,3.8235,58.63,230.33,208.0,1040.8108108108108,17.8,84.8,41.46,0.5,2.08,0,0,0,0,0,0
996,2.467,73.42,329.5,346.0,1529.009009009009,15.2,82.3,38.58,0.5,2.13,0,0,0,0,0,1
582,3.1809,7.35,257.67,253.0,,18.6,92.4,50.9,0.67,2.22,0,0,0,0,0,0
953,3.7453,45.47,229.0,260.0,18604.16425120773,15.7,94.0,45.52,1.2,1.27,0,0,0,0,0,1
443,3.3924,11.48,385.75,352.0,504.054794520548,8.4,96.9,61.11,0.88,1.64,0,0,0,0,0,1
645,2.5054,36.25,277.0,248.0,1099.055900621118,16.8,91.4,52.21,0.38,1.69,0,0,0,0,0,0
690,2.8707,35.0,195.67,122.0,976.9230769230768,17.8,84.8,41.46,0.5,2.08,0,0,0,0,0,0
167,2.6318,79.27,57.4,50.0,1575.0,18.6,92.4,50.9,0.67,2.22,0,0,0,0,0,0
80,3.9273,26.72,144.83,142.0,499.09022556390977,15.7,94.0,45.52,1.2,1.27,0,0,0,0,0,0
766,2.9943,28.07,356.29,358.0,1428.571428571429,,,,0.75,0.7,0,0,0,0,0,0
727,,,,,0.0,17.8,84.8,41.46,0.5,2.08,0,0,0,0,0,0
572,3.5682,17.54,355.25,334.0,120.29702970297028,18.1,83.3,22.44,0.25,2.71,0,0,0,0,0,0
1171,3.9526,19.03,53.67,46.0,2412.1559633027523,18.6,92.4,50.9,0.67,2.22,0,0,0,0,0,0
979,3.5866,32.41,195.25,154.0,5944.800904977376,26.3,51.0,32.28,0.22,2.29,0,0,0,0,0,0
294,4.5138,39.17,170.25,161.0,6628.615384615385,8.4,96.9,61.11,0.88,1.64,0,0,0,0,0,1
1148,2.7916,51.72,385.75,410.0,1170.9375,17.3,85.0,49.14,0.49,1.3,0,0,0,0,0,1
232,3.8822,9.01,77.0,75.0,1380.516431924883,15.1,84.8,40.63,0.3,2.05,0,0,0,0,0,0
494,3.8136,8.11,290.6,192.0,,18.2,97.1,46.49,0.75,2.46,0,0,0,0,0,0
191,3.147,47.28,183.33,134.0,4066.6666666666665,15.1,84.8,40.63,0.3,2.05,0,0,0,0,0,1
106,3.7189,22.73,53.67,46.0,4347826.0869565215,15.2,82.3,38.58,0.5,2.13,0,0,0,0,0,0
355,2.7084,87.28,281.0,244.0,1339.0115606936415,16.8,91.4,52.21,0.38,1.69,0,0,0,0,0,0
664,2.8008,9.94,141.5,80.0,550.0,15.1,84.8,40.63,0.3,2.05,0,0,0,0,0,0
900,3.2699,37.85,49.75,97.0,1833.664596273292,15.1,84.8,40.63,0.3,2.05,0,0,0,0,0,0
1113,3.4909,62.45,352.5,320.0,3969.617224880383,19.6,86.7,39.82,0.38,2.77,0,0,0,0,0,1
898,3.2427,48.3,250.12,254.0,1016.9285714285714,18.6,92.4,50.9,0.67,2.22,0,0,0,0,0,0
8,3.3547,28.79,193.2,180.0,6104.586956521739,15.1,84.8,40.63,0.3,2.05,0,0,0,0,0,0
1155,4.1185,14.55,392.0,362.0,1744.06015037594,20.4,92.2,63.64,0.8,1.1,0,0,1,0,0,1
789,0.2557,89.84,239.4,169.0,98255.86821705426,16.8,91.4,52.21,0.38,1.69,0,0,0,0,0,0
299,1.7953,88.71,178.0,193.0,,17.8,84.8,41.46,0.5,2.08,0,0,0,0,0,0
1118,3.1202,30.25,178.0,131.0,,8.4,96.9,61.11,0.88,1.64,0,0,0,0,0,0
32,3.8371,19.74,178.0,75.0,1313.3333333333333,8.4,96.9,61.11,0.88,1.64,0,0,0,0,0,1
172,3.4341,18.75,141.5,168.0,1288.1757575757576,17.8,84.8,41.46,0.5,2.08,0,0,0,0,0,1
631,2.4887,31.13,352.5,281.0,1.8115942028985508,13.1,93.2,39.66,0.5,1.37,0,0,0,0,0,0
222,2.9266,25.61,183.33,134.0,332.962962962963,8.4,96.9,61.11,0.88,1.64,0,0,0,0,0,0
1175,,,,,,18.6,92.4,50.9,0.67,2.22,0,0,0,0,0,0
1098,3.3912,81.48,356.29,267.0,66.91176470588235,8.4,96.9,61.11,0.88,1.64,0,0,0,0,0,1
281,4.1421,5.38,229.0,198.0,22.857142857142858,,,,0.67,1.74,0,0,0,0,0,0
135,2.7041,72.92,144.83,123.0,1776.767676767677,15.1,84.8,40.63,0.3,2.05,0,0,0,0,0,1
1116,3.7146,42.71,178.0,193.0,304.8768472906404,17.8,84.8,41.46,0.5,2.08,0,0,0,0,0,0
598,3.2492,76.79,356.29,267.0,323.6328125,19.6,86.7,39.82,0.38,2.77,0,0,0,0,0,1
324,3.65,76.92,229.0,260.0,976.7045454545456,13.1,93.2,39.66,0.5,1.37,0,0,0,0,0,1
229,,,,,0.0,18.6,92.4,50.9,0.67,2.22,0,0,0,0,0,0
180,,,,,0.0,18.6,92.4,50.9,0.67,2.22,0,0,0,0,0,0
509,2.9767,81.74,280.83,69.0,,18.3,83.4,39.72,0.6,0.86,0,0,0,0,0,0
683,,,,,0.0,8.4,96.9,61.11,0.88,1.64,0,0,0,0,0,0
407,1.2618,87.5,219.6,278.0,1730874.4897959183,8.4,96.9,61.11,0.88,1.64,0,0,0,0,0,0
997,4.3835,22.11,51.6,65.0,7939453.103174604,16.8,91.4,52.21,0.38,1.69,0,0,0,0,0,0
938,3.8744,3.96,250.12,431.0,1003.9215686274508,20.4,92.2,63.64,0.8,1.1,0,0,1,0,0,0
346,2.1005,30.0,49.75,19.0,179.47761194029852,18.6,92.4,50.9,0.67,2.22,0,0,0,0,0,0
916,2.0595,36.84,356.29,356.0,2808313.824884793,8.3,91.3,46.53,0.75,1.38,0,0,0,1,0,0
753,1.5165,27.03,392.0,398.0,5.555555555555555,16.8,91.4,52.21,0.38,1.69,0,0,0,0,0,1
376,3.8206,3.25,106.2,8.0,496.3205128205128,15.1,84.8,40.63,0.3,2.05,0,0,0,0,0,0
519,3.3487,88.04,70.4,89.0,4831.740384615385,17.8,84.8,41.46,0.5,2.08,0,0,0,0,0,0
1205,3.3354,61.02,112.4,104.0,1906.470588235294,20.4,92.2,63.64,0.8,1.1,0,0,1,0,0,0
538,3.2216,62.26,51.6,65.0,2880.6962025316457,19.6,86.7,39.82,0.38,2.77,0,0,0,0,0,0
428,4.0145,24.33,361.67,382.0,1125.5963855421687,11.8,93.3,38.82,0.33,0.94,0,0,0,0,0,0
1126,3.5645,49.6,418.25,431.0,214.28571428571428,,,,0.75,0.7,0,0,0,0,0,1
248,3.8067,15.38,290.33,269.0,2775.4054054054054,18.6,92.4,50.9,0.67,2.22,0,0,0,0,0,1
429,,,,,0.0,18.6,92.4,50.9,0.67,2.22,0,0,0,0,0,1
170,3.9946,44.51,237.5,302.0,8559.302325581395,15.7,94.0,45.52,1.2,1.27,0,0,0,0,0,1
382,2.6312,10.45,22.0,23.0,3852.8,18.6,92.4,50.9,0.67,2.22,0,0,0,0,0,0
433,4.2317,17.93,260.25,294.0,3304.6052631578946,8.4,96.9,61.11,0.88,1.64,0,0,0,0,0,0
568,3.4763,59.04,392.0,403.0,116.33653846153848,18.2,97.1,46.49,0.75,2.46,0,0,0,0,0,0
503,4.3189,70.13,237.5,324.0,209.70760233918128,19.4,70.0,33.42,0.33,1.53,0,0,0,0,1,1
958,1.8498,82.41,77.0,86.0,93.125,19.4,70.0,33.42,0.33,1.53,0,0,0,0,1,0
939,1.737,89.58,170.25,212.0,1369.0677966101696,15.1,84.8,40.63,0.3,2.05,0,0,0,0,0,1
1030,4.183,40.55,250.12,270.0,85325.95092024539,8.6,85.6,40.74,0.5,1.74,0,1,0,0,0,1
973,2.6965,8.7,237.5,197.0,15.789473684210526,11.8,93.3,38.82,0.33,0.94,0,0,0,0,0,1
22,3.6639,41.24,52.67,70.0,121.59763313609469,15.2,82.3,38.58,0.5,2.13,0,0,0,0,0,0
412,2.9994,77.63,260.25,294.0,3660.204081632653,15.1,84.8,40.63,0.3,2.05,0,0,0,0,0,0
1015,3.5717,90.84,72.14,36.0,1921.875,16.8,91.4,52.21,0.38,1.69,0,0,0,0,0,0
1027,3.8179,22.58,106.2,431.0,9580.172413793103,18.3,83.4,39.72,0.6,0.86,0,0,0,0,0,1
364,3.9543,35.78,260.25,294.0,1747.2972972972973,18.6,92.4,50.9,0.67,2.22,0,0,0,0,0,1
3,2.6256,71.57,195.25,154.0,3891.489361702128,15.1,84.8,40.63,0.3,2.05,0,0,0,0,0,0
370,2.1393,15.38,192.8,154.0,51.35658914728682,15.1,84.8,40.63,0.3,2.05,0,0,0,0,0,0
1052,2.7694,20.0,290.33,156.0,18442.1875,18.6,92.4,50.9,0.67,2.22,0,0,0,0,0,0
424,,,,,0.0,17.8,84.8,41.46,0.5,2.08,0,0,0,0,0,0
1190,4.236,17.62,72.14,81.0,1062.1025641025642,,,,0.5,1.58,0,0,0,0,0,0
77,3.2496,85.19,51.6,32.0,263.36633663366337,16.8,91.4,52.21,0.38,1.69,0,0,0,0,0,1
29,2.3626,62.5,72.14,81.0,,17.8,84.8,41.46,0.5,2.08,0,0,0,0,0,0
240,2.899,56.25,381.0,375.0,10.071942446043163,17.8,84.8,41.46,0.5,2.08,0,0,0,0,0,1
481,,,,,0.0,16.8,91.4,52.21,0.38,1.69,0,0,0,0,0,0
56,4.1315,49.64,96.25,112.0,2588123.7394957985,19.6,86.7,39.82,0.38,2.77,0,0,0,0,0,0
477,3.0559,61.8,202.83,196.0,4959.101265822785,18.1,83.3,22.44,0.25,2.71,0,0,0,0,0,0
930,3.0815,93.46,229.0,260.0,83.984375,18.1,83.3,22.44,0.25,2.71,0,0,0,0,0,1
721,4.2906,12.88,392.0,362.0,1924.2937853107344,8.4,96.9,61.11,0.88,1.64,0,0,0,0,0,0
112,3.2745,31.33,229.0,260.0,109.03225806451611,20.4,92.2,63.64,0.8,1.1,0,0,1,0,0,1
894,3.4375,16.72,356.29,379.0,3198.159509202454,15.2,82.3,38.58,0.5,2.13,0,0,0,0,0,1
632,3.5184,23.65,141.5,168.0,5039.235602094241,19.6,86.7,39.82,0.38,2.77,0,0,0,0,0,0
1176,3.612,19.89,202.67,211.0,335747.5287958115,18.6,92.4,50.9,0.67,2.22,0,0,0,0,0,0
880,3.154,69.61,255.57,241.0,5022.122302158274,15.1,84.8,40.63,0.3,2.05,0,0,0,0,0,1
10,3.7621,17.5,73.33,47.0,1783.0357142857142,16.8,91.4,52.21,0.38,1.69,0,0,0,0,0,0
688,4.0386,23.43,255.57,243.0,188.42105263157896,20.4,92.2,63.64,0.8,1.1,0,0,1,0,0,1
1128,3.7346,11.36,96.25,84.0,12086.206896551725,18.6,92.4,50.9,0.67,2.22,0,0,0,0,0,1
238,2.5085,62.0,51.6,32.0,4702.525252525253,19.6,86.7,39.82,0.38,2.77,0,0,0,0,0,0
530,4.7144,9.41,356.29,406.0,5659.466019417476,,,,0.67,1.74,0,0,0,0,0,0
490,2.4275,37.99,399.2,439.0,766.0752688172043,15.1,84.8,40.63,0.3,2.05,0,0,0,0,0,1
344,,,,,0.0,16.8,91.4,52.21,0.38,1.69,0,0,0,0,0,0
877,3.3547,34.19,356.29,358.0,218.3783783783784,15.1,84.8,40.63,0.3,2.05,0,0,0,0,0,0
661,3.9594,9.28,63.75,39.0,,17.3,85.0,49.14,0.49,1.3,0,0,0,0,0,1
882,2.8901,84.47,329.5,329.0,1732.935,8.4,96.9,61.11,0.88,1.64,0,0,0,0,0,0
540,3.6465,46.56,112.4,104.0,46089.908256880735,,,,0.67,1.74,0,0,0,0,0,1
628,4.042,48.28,178.0,127.0,4707.723756906077,19.6,86.7,39.82,0.38,2.77,0,0,0,0,0,0
192,,,,,0.0,20.4,92.2,63.64,0.8,1.1,0,0,1,0,0,0
375,3.0694,71.11,329.5,197.0,1530.46875,20.4,92.2,63.64,0.8,1.1,0,0,1,0,0,1
366,4.1612,18.72,249.42,83.0,204.63917525773195,18.6,92.4,50.9,0.67,2.22,0,0,0,0,0,1
674,2.7882,33.33,195.67,122.0,2057.684210526316,19.6,86.7,39.82,0.38,2.77,0,0,0,0,0,0
19,3.0124,68.13,356.29,356.0,3601.526066350711,26.3,51.0,32.28,0.22,2.29,0,0,0,0,0,1
201,3.0664,26.97,49.75,193.0,1696.7948717948718,15.1,84.8,40.63,0.3,2.05,0,0,0,0,0,1
669,3.4189,52.69,141.5,80.0,0.0,15.1,84.8,40.63,0.3,2.05,0,0,0,0,0,0
159,2.6836,34.07,230.33,208.0,7661.055555555556,8.3,91.3,46.53,0.75,1.38,0,0,0,1,0,0
507,2.2897,10.04,193.2,180.0,1308.6342592592594,8.4,96.9,61.11,0.88,1.64,0,0,0,0,0,1
994,3.8123,52.38,229.0,198.0,11.11111111111111,,,,0.67,0.56,0,0,0,0,0,0
271,3.6206,24.5,106.2,45.0,71.75,18.6,92.4,50.9,0.67,2.22,0,0,0,0,0,0
768,4.1624,8.25,51.6,179.0,459.47712418300654,17.8,84.8,41.46,0.5,2.08,0,0,0,0,0,0
711,4.8664,4.78,51.6,214.0,0.3184713375796178,17.8,84.8,41.46,0.5,2.08,0,0,0,0,0,0
11,2.6524,68.42,230.33,231.0,1451.942528735632,17.8,84.8,41.46,0.5,2.08,0,0,0,0,0,0
436,3.995,34.89,260.25,294.0,6155.742222222222,17.3,85.0,49.14,0.49,1.3,0,0,0,0,0,1
275,2.353,11.72,52.67,44.0,0.0,15.1,84.8,40.63,0.3,2.05,0,0,0,0,0,0
101,2.4478,78.95,281.43,257.0,370.9580838323353,18.3,83.4,39.72,0.6,0.86,0,0,0,0,0,1
773,,,,,0.0,17.8,84.8,41.46,0.5,2.08,0,0,0,0,0,1
1008,3.2208,32.7,290.33,269.0,,15.1,84.8,40.63,0.3,2.05,0,0,0,0,0,0
221,3.1211,37.9,22.0,342.0,364.75,17.8,84.8,41.46,0.5,2.08,0,0,0,0,0,0
316,3.8555,7.87,96.25,64.0,1345.408163265306,17.8,84.8,41.46,0.5,2.08,0,0,0,0,0,1
986,3.3587,58.62,107.6,101.0,1551.6129032258063,8.4,96.9,61.11,0.88,1.64,0,0,0,0,0,0
771,4.4316,37.26,277.0,248.0,427.35042735042737,18.6,92.4,50.9,0.67,2.22,0,0,0,0,0,0
761,3.7048,53.68,392.0,375.0,333.5483870967742,15.7,94.0,45.52,1.2,1.27,0,0,0,0,0,1
94,,,,,0.0,15.1,84.8,40.63,0.3,2.05,0,0,0,0,0,0
1178,3.6899,21.31,193.2,180.0,21255.422885572138,8.4,96.9,61.11,0.88,1.64,0,0,0,0,0,1
686,2.9507,71.91,329.5,313.0,1262.8491620111731,17.8,84.8,41.46,0.5,2.08,0,0,0,0,0,1
86,3.0182,44.87,239.0,282.0,291.3333333333333,17.8,84.8,41.46,0.5,2.08,0,0,0,0,0,1
545,3.0991,68.75,250.12,270.0,203.97727272727272,20.4,92.2,63.64,0.8,1.1,0,0,1,0,0,0
423,3.2472,7.14,250.12,233.0,5792.12962962963,8.4,96.9,61.11,0.88,1.64,0,0,0,0,0,1
396,2.9748,85.29,57.4,50.0,,11.8,93.3,38.82,0.33,0.94,0,0,0,0,0,0
937,3.6642,19.91,106.2,45.0,884.3668341708543,15.1,84.8,40.63,0.3,2.05,0,0,0,0,0,0
881,3.3413,15.29,178.0,178.0,0.0,15.2,82.3,38.58,0.5,2.13,0,0,0,0,0,0
305,3.5704,24.14,106.2,45.0,2888.8596491228072,19.6,86.7,39.82,0.38,2.77,0,0,0,0,0,0
992,2.8509,57.24,280.83,195.0,455.06293706293707,17.8,84.8,41.46,0.5,2.08,0,0,0,0,0,0
203,3.7203,12.11,72.14,105.0,1685.7558139534883,15.1,84.8,40.63,0.3,2.05,0,0,0,0,0,0
896,3.5325,33.52,53.67,25.0,1426.3513513513512,20.4,92.2,63.64,0.8,1.1,0,0,1,0,0,0
1145,3.9177,34.46,352.5,281.0,3732.246636771301,15.1,84.8,40.63,0.3,2.05,0,0,0,0,0,0
482,4.2888,33.88,63.75,69.0,3593.526570048309,8.4,96.9,61.11,0.88,1.64,0,0,0,0,0,0
1159,3.6098,60.63,356.29,414.0,839.568345323741,20.4,92.2,63.64,0.8,1.1,0,0,1,0,0,0
901,3.4907,46.67,392.0,397.0,1425.0,8.6,85.6,40.74,0.5,1.74,0,1,0,0,0,1
603,3.3567,6.63,52.67,44.0,1084.2448979591836,15.1,84.8,40.63,0.3,2.05,0,0,0,0,0,0
636,2.7186,70.46,170.25,161.0,1082.8877005347597,11.8,93.3,38.82,0.33,0.94,0,0,0,0,0,0
497,3.7677,22.84,392.0,397.0,185.05747126436785,15.1,84.8,40.63,0.3,2.05,0,0,0,0,0,0
430,3.0868,53.33,356.29,388.0,1179.295154185022,8.3,91.3,46.53,0.75,1.38,0,0,0,1,0,0
764,3.6253,42.39,202.83,156.0,524.2021276595744,18.6,92.4,50.9,0.67,2.22,0,0,0,0,0,0
464,1.7991,86.7,51.6,65.0,,15.1,84.8,40.63,0.3,2.05,0,0,0,0,0,1
432,1.871,2.78,307.5,291.0,,8.6,85.6,40.74,0.5,1.74,0,1,0,0,0,1
1129,4.2967,11.99,230.33,208.0,6962.032863849765,15.1,84.8,40.63,0.3,2.05,0,0,0,0,0,0
615,4.7473,85.45,184.25,26.0,887.5,15.2,82.3,38.58,0.5,2.13,0,0,0,0,0,0
945,3.4268,16.39,51.6,65.0,1993.0939226519336,15.1,84.8,40.63,0.3,2.05,0,0,0,0,0,0
372,3.6795,67.74,392.0,433.0,39.55555555555556,18.6,92.4,50.9,0.67,2.22,0,0,0,0,0,1
1144,,,,,0.0,19.6,86.7,39.82,0.38,2.77,0,0,0,0,0,1
480,3.0273,62.5,178.0,179.0,578.5123966942149,,,,0.75,0.7,0,0,0,0,0,1
1032,3.3895,3.4,52.67,44.0,1.2195121951219512,8.4,96.9,61.11,0.88,1.64,0,0,0,0,0,1
348,4.4528,45.15,329.5,313.0,579.5,15.1,84.8,40.63,0.3,2.05,0,0,0,0,0,0
182,,,,,0.0,8.4,96.9,61.11,0.88,1.64,0,0,0,0,0,0
1062,3.6359,28.1,255.57,289.0,1034.1148648648648,18.6,92.4,50.9,0.67,2.22,0,0,0,0,0,1
987,3.9938,71.36,107.6,58.0,3407.4074074074074,17.8,84.8,41.46,0.5,2.08,0,0,0,0,0,0
1038,2.5936,21.38,195.67,122.0,2447.5,15.1,84.8,40.63,0.3,2.05,0,0,0,0,0,0
931,3.9131,10.42,219.6,228.0,4150.349650349651,17.8,84.8,41.46,0.5,2.08,0,0,0,0,0,0
806,,,,,,17.3,85.0,49.14,0.49,1.3,0,0,0,0,0,0
550,3.4766,76.61,341.5,353.0,,18.6,92.4,50.9,0.67,2.22,0,0,0,0,0,1
126,3.5571,40.85,356.29,254.0,4133.841463414634,8.4,96.9,61.11,0.88,1.64,0,0,0,0,0,0
236,2.981,16.67,299.67,374.0,70.42682926829268,15.2,82.3,38.58,0.5,2.13,0,0,0,0,0,1
1002,3.2747,72.88,250.12,233.0,2401.5873015873017,17.8,84.8,41.46,0.5,2.08,0,0,0,0,0,0
860,2.9256,52.73,57.4,42.0,104.23076923076924,8.4,96.9,61.11,0.88,1.64,0,0,0,0,0,0
1075,3.9626,14.83,93.75,147.0,688.8111888111888,18.6,92.4,50.9,0.67,2.22,0,0,0,0,0,0
166,2.2756,71.51,49.75,19.0,3837.5,19.6,86.7,39.82,0.38,2.77,0,0,0,0,0,0
1172,3.1178,25.0,195.67,122.0,519.7769784172662,18.6,92.4,50.9,0.67,2.22,0,0,0,0,0,1
26,2.9556,66.67,281.0,135.0,,18.1,83.3,22.44,0.25,2.71,0,0,0,0,0,1
416,3.325,39.22,144.83,107.0,992.063492063492,8.4,96.9,61.11,0.88,1.64,0,0,0,0,0,1
1105,3.4387,26.63,281.0,159.0,796.6367713004485,15.7,94.0,45.52,1.2,1.27,0,0,0,0,0,0
176,3.0496,31.76,250.12,270.0,1601.8662420382166,18.6,92.4,50.9,0.67,2.22,0,0,0,0,0,1
496,3.3922,41.83,399.2,245.0,2057.1428571428573,15.7,94.0,45.52,1.2,1.27,0,0,0,0,0,1
788,4.3618,46.59,14.67,2.0,22217.624031007752,18.1,83.3,22.44,0.25,2.71,0,0,0,0,0,0
207,3.1737,52.5,341.5,353.0,1331.1475409836066,20.4,92.2,63.64,0.8,1.1,0,0,1,0,0,0
256,3.2513,67.44,89.75,82.0,5606.547619047619,17.8,84.8,41.46,0.5,2.08,0,0,0,0,0,0
93,2.9969,41.58,193.2,180.0,138271.91780821918,8.4,96.9,61.11,0.88,1.64,0,0,0,0,0,0
1016,,,,,0.0,16.8,91.4,52.21,0.38,1.69,0,0,0,0,0,0
704,3.7132,19.89,77.0,75.0,10627.393617021276,15.1,84.8,40.63,0.3,2.05,0,0,0,0,0,0
899,3.539,47.84,72.14,105.0,1981.25,17.8,84.8,41.46,0.5,2.08,0,0,0,0,0,0
398,3.0023,25.93,49.75,409.0,119.86111111111111,18.1,83.3,22.44,0.25,2.71,0,0,0,0,0,0
233,3.2948,8.93,202.67,136.0,723.6804733727811,18.6,92.4,50.9,0.67,2.22,0,0,0,0,0,0
58,4.3016,23.56,106.2,45.0,408.7837837837838,26.3,51.0,32.28,0.22,2.29,0,0,0,0,0,0
431,3.1729,73.62,112.4,104.0,1455.8559322033898,11.8,93.3,38.82,0.33,0.94,0,0,0,0,0,0
989,4.2237,29.15,70.4,55.0,10343.069306930693,18.6,92.4,50.9,0.67,2.22,0,0,0,0,0,0
1182,4.2594,13.23,202.83,249.0,126.92307692307692,15.1,84.8,40.63,0.3,2.05,0,0,0,0,0,0
268,4.0796,30.36,385.75,410.0,8.843537414965986,8.3,91.3,46.53,0.75,1.38,0,0,0,1,0,1
218,3.7386,9.52,202.83,234.0,70.58823529411765,8.4,96.9,61.11,0.88,1.64,0,0,0,0,0,1
397,3.8094,63.98,202.67,136.0,94.18604651162792,18.6,92.4,50.9,0.67,2.22,0,0,0,0,0,0
1120,,,,,,19.6,86.7,39.82,0.38,2.77,0,0,0,0,0,0
177,4.5259,21.86,49.75,97.0,21350.5,19.6,86.7,39.82,0.38,2.77,0,0,0,0,0,0
553,2.1251,89.61,255.57,207.0,906.4202334630352,8.4,96.9,61.11,0.88,1.64,0,0,0,0,0,1
336,2.6048,8.49,52.67,29.0,1599.2785714285717,20.4,92.2,63.64,0.8,1.1,0,0,1,0,0,1
223,1.1367,77.69,176.0,138.0,51.19047619047619,17.8,84.8,41.46,0.5,2.08,0,0,0,0,0,1
838,3.1012,85.67,170.25,161.0,296.319018404908,17.8,84.8,41.46,0.5,2.08,0,0,0,0,0,1
474,3.1053,77.38,170.25,158.0,12926.344086021503,17.3,85.0,49.14,0.49,1.3,0,0,0,0,0,0
1207,2.4973,28.44,72.14,163.0,4675327.523364486,,,,0.5,1.58,0,0,0,0,0,0
527,2.7338,58.82,141.5,80.0,237.9746835443038,19.6,86.7,39.82,0.38,2.77,0,0,0,0,0,0
1073,2.7096,4.51,77.0,86.0,230.8823529411765,18.1,83.3,22.44,0.25,2.71,0,0,0,0,0,0
454,1.6419,76.42,341.5,325.0,3768.966666666666,8.6,85.6,40.74,0.5,1.74,0,1,0,0,0,1
418,3.4042,59.68,250.12,254.0,1068.7179487179487,17.8,84.8,41.46,0.5,2.08,0,0,0,0,0,1
259,4.0639,11.88,144.83,142.0,4003.8216560509554,15.1,84.8,40.63,0.3,2.05,0,0,0,0,0,0
677,3.1556,32.01,141.5,80.0,1547.9274611398964,18.1,83.3,22.44,0.25,2.71,0,0,0,0,0,1
1100,4.4059,13.81,176.0,65.0,1840.8450704225352,15.1,84.8,40.63,0.3,2.05,0,0,0,0,0,0
99,2.9605,59.88,53.67,278.0,698.1944444444445,18.6,92.4,50.9,0.67,2.22,0,0,0,0,0,0
197,2.9639,11.82,51.6,18.0,140.85106382978722,17.8,84.8,41.46,0.5,2.08,0,0,0,0,0,1
244,2.4093,57.14,72.14,105.0,73.07692307692308,8.4,96.9,61.11,0.88,1.64,0,0,0,0,0,0
660,3.7676,25.59,356.29,267.0,6977.838323353293,18.6,92.4,50.9,0.67,2.22,0,0,0,0,0,1
292,3.7261,30.53,137.0,113.0,,18.6,92.4,50.9,0.67,2.22,0,0,0,0,0,0
736,3.4588,69.44,178.0,193.0,660.0584415584416,8.3,91.3,46.53,0.75,1.38,0,0,0,1,0,1
380,4.3782,23.18,385.75,410.0,625.5924170616114,15.1,84.8,40.63,0.3,2.05,0,0,0,0,0,0
1131,1.8637,9.52,219.6,278.0,14.285714285714286,18.6,92.4,50.9,0.67,2.22,0,0,0,0,0,0
928,2.9962,22.86,36.0,48.0,657.070707070707,8.3,91.3,46.53,0.75,1.38,0,0,0,1,0,1
18,4.0462,64.06,57.4,88.0,2185.294117647059,18.1,83.3,22.44,0.25,2.71,0,0,0,0,0,0
1200,3.2287,50.0,355.25,358.0,,17.3,85.0,49.14,0.49,1.3,0,0,0,0,0,1
868,0.7761,95.24,237.5,197.0,1193.939393939394,15.2,82.3,38.58,0.5,2.13,0,0,0,0,0,1
242,2.5328,22.52,202.83,156.0,,20.4,92.2,63.64,0.8,1.1,0,0,1,0,0,1
84,3.861,28.64,169.25,119.0,11551.69540229885,16.8,91.4,52.21,0.38,1.69,0,0,0,0,0,1
479,2.1777,8.5,229.0,260.0,1522.4120603015076,18.1,83.3,22.44,0.25,2.71,0,0,0,0,0,1
642,4.1307,74.5,51.6,26.0,16258.333333333334,16.8,91.4,52.21,0.38,1.69,0,0,0,0,0,1
863,3.3505,39.42,307.5,291.0,49047.619047619046,11.8,93.3,38.82,0.33,0.94,0,0,0,0,0,1
1181,4.3418,24.49,255.57,243.0,1628.8461538461538,16.8,91.4,52.21,0.38,1.69,0,0,0,0,0,0
870,3.3838,69.74,255.57,192.0,796.2745098039215,8.4,96.9,61.11,0.88,1.64,0,0,0,0,0,1
1169,2.2538,59.06,195.67,153.0,1253.1767955801106,15.2,82.3,38.58,0.5,2.13,0,0,0,0,0,0
108,3.3358,23.48,202.83,177.0,2844.5054945054944,15.7,94.0,45.52,1.2,1.27,0,0,0,0,0,0
1157,3.5573,33.69,106.2,110.0,13700.0,18.6,92.4,50.9,0.67,2.22,0,0,0,0,0,0
813,4.4977,68.12,144.83,142.0,1226.6935483870968,11.8,93.3,38.82,0.33,0.94,0,0,0,0,0,1
356,,,,,,18.1,83.3,22.44,0.25,2.71,0,0,0,0,0,1
926,4.0591,13.12,193.2,134.0,1276.975806451613,18.6,92.4,50.9,0.67,2.22,0,0,0,0,0,1
169,,,,,0.0,15.2,82.3,38.58,0.5,2.13,0,0,0,0,0,1
526,3.1967,11.22,280.83,319.0,434.8591549295775,18.6,92.4,50.9,0.67,2.22,0,0,0,0,0,1
88,2.9274,32.37,229.0,260.0,3879.8947368421054,18.6,92.4,50.9,0.67,2.22,0,0,0,0,0,1
925,3.1362,5.56,230.33,231.0,2.5,18.6,92.4,50.9,0.67,2.22,0,0,0,0,0,1
763,3.1221,9.7,8.5,9.0,1588.3152173913045,17.3,85.0,49.14,0.49,1.3,0,0,0,0,0,0
1061,3.0663,43.18,16.0,14.0,2106.35838150289,18.1,83.3,22.44,0.25,2.71,0,0,0,0,0,0
1076,3.0598,79.84,230.33,231.0,348.17808219178085,20.4,92.2,63.64,0.8,1.1,0,0,1,0,0,1
831,3.5789,31.27,49.75,68.0,2577.777777777778,17.8,84.8,41.46,0.5,2.08,0,0,0,0,0,1
505,,,,,0.0,19.4,70.0,33.42,0.33,1.53,0,0,0,0,1,0
96,3.3274,14.29,51.6,65.0,,19.6,81.0,63.16,1.0,1.43,1,0,0,0,0,0
199,2.3493,78.79,251.67,155.0,152.52898550724638,8.4,96.9,61.11,0.88,1.64,0,0,0,0,0,0
1121,1.8911,20.0,381.0,382.0,4011.023622047244,8.3,91.3,46.53,0.75,1.38,0,0,0,1,0,0
1099,3.6184,54.43,106.2,45.0,,16.8,91.4,52.21,0.38,1.69,0,0,0,0,0,0
67,4.1537,10.49,260.25,188.0,9.523809523809524,17.8,84.8,41.46,0.5,2.08,0,0,0,0,0,0
1079,3.1569,67.88,193.2,277.0,,15.1,84.8,40.63,0.3,2.05,0,0,0,0,0,0
724,3.6887,24.41,281.0,231.0,2545.310160427808,,,,0.75,0.7,0,0,0,0,0,0
1041,3.6148,25.96,72.14,105.0,45956.1797752809,15.1,84.8,40.63,0.3,2.05,0,0,0,0,0,0
361,3.0225,37.68,195.25,199.0,1818.571428571429,20.4,92.2,63.64,0.8,1.1,0,0,1,0,0,0
440,3.6142,17.64,329.5,313.0,17343.35907335907,15.7,94.0,45.52,1.2,1.27,0,0,0,0,0,0
504,3.0501,88.7,255.57,243.0,,,,,0.75,0.7,0,0,0,0,0,0
450,1.924,44.06,250.12,163.0,267.96875,8.4,96.9,61.11,0.88,1.64,0,0,0,0,0,0
403,4.4374,14.12,22.0,26.0,1314.796052631579,17.3,85.0,49.14,0.49,1.3,0,0,0,0,0,0
1192,3.4166,19.42,230.33,231.0,474.72972972972974,18.6,92.4,50.9,0.67,2.22,0,0,0,0,0,0
421,2.9488,47.64,385.75,410.0,702.7083333333334,8.4,96.9,61.11,0.88,1.64,0,0,0,0,0,1
374,3.6103,61.54,230.33,208.0,13293171.05263158,18.2,97.1,46.49,0.75,2.46,0,0,0,0,0,0
619,3.3449,28.57,144.83,107.0,813.6363636363636,8.4,96.9,61.11,0.88,1.64,0,0,0,0,0,0
857,3.5002,5.49,341.5,353.0,5001.4375,15.1,84.8,40.63,0.3,2.05,0,0,0,0,0,1
518,2.5036,66.67,230.33,231.0,625.974025974026,15.1,84.8,40.63,0.3,2.05,0,0,0,0,0,1
97,4.8916,47.26,250.12,308.0,2852.186813186813,15.1,84.8,40.63,0.3,2.05,0,0,0,0,0,1
843,2.6548,2.93,202.67,211.0,1733.7662337662337,11.8,93.3,38.82,0.33,0.94,0,0,0,0,0,0
720,2.611,20.78,72.14,105.0,1078.224358974359,18.6,92.4,50.9,0.67,2.22,0,0,0,0,0,0
1161,3.5437,34.76,57.4,34.0,729.6296296296297,17.8,84.8,41.46,0.5,2.08,0,0,0,0,0,0
1154,2.5643,20.0,249.42,245.0,0.6711409395973155,,,,0.5,1.58,0,0,0,0,0,1
971,3.7076,24.71,49.75,15.0,9868.311377245507,16.8,91.4,52.21,0.38,1.69,0,0,0,0,0,0
395,4.5526,2.64,170.25,161.0,5732.242990654206,15.1,84.8,40.63,0.3,2.05,0,0,0,0,0,1
729,3.742,42.58,144.83,346.0,216.2295081967213,15.1,84.8,40.63,0.3,2.05,0,0,0,0,0,0
1187,3.8203,51.31,170.25,150.0,2728.1102362204724,8.4,96.9,61.11,0.88,1.64,0,0,0,0,0,0
